label,categories_str,sources_str,certainty,cosine_centroid,manual_coarse_grained,space_selection,qumcrae_label,word,lemma,wiki_frequency,word_in_wn?,word_noun_in_wn?,word_noun_spacy?,n_navigli_clusters,n_onto_senses_n_v,n_wn_senses,min_wn_sim_wup,av_sim_wup,polysemy_type,mipvu,wn_abs_conc,filter,conc,fam,aoa,word_id,lemma_id
neg,neg_met,manually_included,certain,0.0427884901,3,False,-,discussion,discussion,46917,True,True,True,1,3,2,0.3076923076923077,0.3076923076923077,poly,non-met,abs,False,341,541,522,81f2869e-a88f-11e9-ac9f-acde48001122,ac63e71c-ce46-11e9-8a6e-acde48001122
pos/neg,fruit,wn_hypernym,not_certain,0.0526020279,3,False,-,key,key,195999,True,True,False,13,6,21,0.1,0.23732294776311444,homonyms_also_same_pos,non-met,abs-conc-n,False,612,603,,81f286d2-a88f-11e9-9b15-acde48001122,ac680fcc-ce46-11e9-8a6e-acde48001122
neg,sweet,conceptnet,not_certain,0.0708157201,3,False,-,most,most,1834756,True,False,False,3,0,5,None,,homonyms_only_different_pos,non-met,-,False,321,560,,81f286fa-a88f-11e9-bed5-acde48001122,ac6d1e40-ce46-11e9-8a6e-acde48001122
pos/neg,fruit,wn_hypernym,not_certain,0.0867896848,1,True,-,emperor,emperor,154936,True,True,True,2,0,4,0.2962962962962963,0.4543554942105667,mon,,conc,True,527,379,440,81f28718-a88f-11e9-b14f-acde48001122,ac64c7ea-ce46-11e9-8a6e-acde48001122
pos,pos_met,manually_included,certain,0.089240727,2,True,-,report,report,212954,True,True,True,5,10,13,0.2,0.4565143190143189,homonyms_only_different_pos,non-met,abs,True,417,590,386,81f28740-a88f-11e9-bacd-acde48001122,ac6ffb7e-ce46-11e9-8a6e-acde48001122
neg,neg_met,manually_included,certain,0.0960061224,-,True,-,emotion,emotion,13844,True,True,True,0,0,1,1.0,1.0,poly,non-met,abs,True,260,549,492,81f2877a-a88f-11e9-a1a9-acde48001122,ac64c740-ce46-11e9-8a6e-acde48001122
pos/neg,fruit,wn_hypernym,not_certain,0.1026305822,-,True,-,mast,mast,11632,True,True,True,2,0,4,0.21052631578947367,0.37277466056574954,homonyms_also_same_pos,met,conc,True,576,427,392,81f287ae-a88f-11e9-8a28-acde48001122,ac6ca410-ce46-11e9-8a6e-acde48001122
pos,pos_met,manually_included,certain,0.1100437698,-,True,-,story,story,444549,True,True,True,4,7,6,0.13333333333333333,0.36663614163614167,homonyms_also_same_pos,met non-met,abs-conc,True,427,578,,81f287e8-a88f-11e9-b7ce-acde48001122,ac71e650-ce46-11e9-8a6e-acde48001122
pos/neg,fruit,wn_hypernym,not_certain,0.1105490507,-,True,-,bartlett,bartlett,7014,True,True,False,0,0,3,0.34782608695652173,0.4429261559696342,,,conc-n,False,,,,81f28812-a88f-11e9-ac51-acde48001122,81f27ca8-a88f-11e9-b0bc-acde48001122
pos/neg,fruit,wn_hypernym,not_certain,0.1154049146,-,True,-,date,date,218586,True,True,True,5,13,13,0.125,0.2938421958158799,homonyms_also_same_pos,non-met,abs-conc,True,514,613,314,81f28830-a88f-11e9-a8ec-acde48001122,ac63679c-ce46-11e9-8a6e-acde48001122
pos/neg,vegetable,wn_hypernym,not_certain,0.116407141,-,True,-,cole,cole,41060,True,True,False,1,0,2,0.19047619047619047,0.19047619047619047,,,conc,False,,,,81f2886c-a88f-11e9-9fb0-acde48001122,81f264f4-a88f-11e9-906a-acde48001122
pos/neg,vegetable,wn_hypernym,not_certain,0.118661298,-,True,-,edda,edda,2299,True,True,True,0,0,2,0.1111111111111111,0.1111111111111111,,,abs-conc,True,,,,81f28894-a88f-11e9-b3d8-acde48001122,81f26e36-a88f-11e9-8fb3-acde48001122
pos/neg,fruit,wn_hypernym,not_certain,0.1200953684,-,True,-,marang,marang,134,True,True,True,0,0,2,0.3333333333333333,0.3333333333333333,,,conc,True,,,,81f288ba-a88f-11e9-9b5e-acde48001122,81f2735e-a88f-11e9-a7ac-acde48001122
pos/neg,fruit,wn_hypernym,not_certain,0.1244635844,-,True,-,samara,samara,2339,True,True,False,0,0,1,1.0,1.0,,,conc,False,,,,81f288ee-a88f-11e9-99ff-acde48001122,81f26ce2-a88f-11e9-8953-acde48001122
pos/neg,fruit,wn_hypernym,not_certain,0.1275253009,-,True,-,pip,pip,3366,True,True,True,5,0,8,0.08695652173913043,0.2446942327949193,homonyms_also_same_pos,,abs-conc,True,,,,81f28918-a88f-11e9-b6ab-acde48001122,ac6ea490-ce46-11e9-8a6e-acde48001122
pos/neg,vegetable,wn_hypernym,not_certain,0.1300860861,-,True,-,cos,cos,3796,True,True,False,2,0,6,0.1111111111111111,0.2605418649691095,homonyms_only_different_pos,non-met,abs-conc-n,False,,,,81f28952-a88f-11e9-ab16-acde48001122,ac63036a-ce46-11e9-8a6e-acde48001122
pos/neg,vegetable,wn_hypernym,not_certain,0.1335052233,-,True,-,pulse,pulse,16104,True,True,True,5,4,7,0.11764705882352941,0.30248988484282596,homonyms_also_same_pos,met,abs-conc,True,,,,81f28998-a88f-11e9-a97b-acde48001122,ac6f5f52-ce46-11e9-8a6e-acde48001122
pos/neg,vegetable,wn_hypernym,not_certain,0.134890945,-,True,-,kail,kail,262,True,True,True,1,0,2,0.19047619047619047,0.19047619047619047,,,conc,True,,,,81f289c0-a88f-11e9-8ae5-acde48001122,81f27034-a88f-11e9-bbdd-acde48001122
pos/neg,fruit,wn_hypernym,not_certain,0.1410275302,-,True,-,jak,jak,1541,True,True,False,0,0,1,0.8181818181818182,0.8181818181818182,,,conc,False,,,,81f289fa-a88f-11e9-ac8a-acde48001122,81f27e62-a88f-11e9-9919-acde48001122
pos/neg,fruit,wn_hypernym,not_certain,0.1425176554,-,True,-,brazil,brazil,104815,True,True,False,1,0,2,0.2608695652173913,0.2608695652173913,,non-met,conc-n,False,,,,81f28a24-a88f-11e9-a3f5-acde48001122,ac6180a8-ce46-11e9-8a6e-acde48001122
pos/neg,vegetable,wn_hypernym,not_certain,0.1442935475,-,True,-,murphy,murphy,36320,True,True,False,0,0,1,1.0,1.0,mon,,conc,False,,,,81f28a4c-a88f-11e9-86c5-acde48001122,ac6d3740-ce46-11e9-8a6e-acde48001122
neg,neg_met,manually_included,certain,0.1449400419,-,True,-,feeling,feel,45012,True,True,False,7,10,17,0.11764705882352941,0.29990628730124513,homonyms_only_different_pos,met non-met,abs-conc,False,262,612,339,81f28a7e-a88f-11e9-8ad7-acde48001122,ac654b20-ce46-11e9-8a6e-acde48001122
pos/neg,fruit,wn_hypernym,not_certain,0.1473332113,-,True,-,capitulum,capitulum,213,True,True,True,1,0,3,0.3333333333333333,0.4953703703703703,,,conc,True,,,,81f28aa6-a88f-11e9-967f-acde48001122,81f258e2-a88f-11e9-84c8-acde48001122
pos/neg,fruit,wn_hypernym,not_certain,0.1479209196,-,True,-,saskatoon,saskatoon,5883,True,True,True,0,0,2,0.2857142857142857,0.2857142857142857,,,conc-n,True,,,,81f28ae2-a88f-11e9-a292-acde48001122,81f28134-a88f-11e9-8258-acde48001122
pos/neg,vegetable,wn_hypernym,not_certain,0.1502326545,-,True,-,dahl,dahl,4282,True,True,False,0,0,2,0.19047619047619047,0.19047619047619047,,non-met,conc,False,,,,81f28b0a-a88f-11e9-830f-acde48001122,ac635a4a-ce46-11e9-8a6e-acde48001122
pos/neg,fruit,wn_hypernym,not_certain,0.1528338032,-,True,-,windfall,windfall,1105,True,True,True,2,0,2,0.14285714285714285,0.14285714285714285,poly,,abs-conc,True,,,,81f28b34-a88f-11e9-b5f8-acde48001122,ac74014c-ce46-11e9-8a6e-acde48001122
pos/neg,vegetable,wn_hypernym,not_certain,0.1558760203,-,True,-,mangold,mangold,548,True,True,True,0,0,1,1.0,1.0,,,conc,True,,,,81f28b64-a88f-11e9-87e6-acde48001122,81f26c9c-a88f-11e9-843e-acde48001122
pos/neg,fruit,wn_hypernym,not_certain,0.1577794917,-,True,-,pyrene,pyrene,300,True,True,True,1,0,2,0.17391304347826086,0.17391304347826086,,,abs-conc,True,,,,81f28b98-a88f-11e9-b34d-acde48001122,81f2845c-a88f-11e9-99f3-acde48001122
pos/neg,vegetable,wn_hypernym,not_certain,0.1600248946,-,True,-,chou,chou,1977,True,True,False,0,0,3,0.10526315789473684,0.2553606237816764,,,abs-conc,False,,,,81f28bb4-a88f-11e9-a87b-acde48001122,81f25554-a88f-11e9-93e5-acde48001122
pos/neg,fruit,wn_hypernym,not_certain,0.1622151282,-,True,-,anjou,anjou,3976,True,True,True,0,0,2,0.3157894736842105,0.3157894736842105,,,conc-n,True,,,,81f28bf0-a88f-11e9-8459-acde48001122,81f25464-a88f-11e9-a468-acde48001122
pos/neg,vegetable,wn_hypernym,not_certain,0.1633916213,-,True,-,chile,chile,46784,True,True,True,1,0,2,0.19047619047619047,0.19047619047619047,,,conc-n,True,,,,81f28c18-a88f-11e9-83bb-acde48001122,81f256da-a88f-11e9-afdd-acde48001122
pos/neg,fruit,wn_hypernym,not_certain,0.1717562951,-,True,-,cling,cling,1269,True,True,False,1,4,4,0.2857142857142857,0.33968253968253964,poly,,conc,False,,,,81f28c4a-a88f-11e9-88b6-acde48001122,ac62684c-ce46-11e9-8a6e-acde48001122
pos/neg,fruit,wn_hypernym,not_certain,0.1718295882,-,True,-,spike,spike,16888,True,True,True,5,6,17,0.09523809523809523,0.31607134657482716,homonyms_also_same_pos,non-met,abs-conc,True,572,471,353,81f28c74-a88f-11e9-8cac-acde48001122,ac719c36-ce46-11e9-8a6e-acde48001122
pos/neg,fruit,wn_hypernym,not_certain,0.1737903715,-,True,-,hip,hip,71363,True,True,True,2,0,6,0.21052631578947367,0.3649577374809573,homonyms_also_same_pos,non-met,abs-conc,True,,,,81f28c9a-a88f-11e9-9c22-acde48001122,ac66fa2e-ce46-11e9-8a6e-acde48001122
pos/neg,vegetable,wn_hypernym,not_certain,0.1755017166,-,True,-,savoy,savoy,11776,True,True,False,1,0,2,0.2222222222222222,0.2222222222222222,mon,,conc-n,False,,,,81f28ccc-a88f-11e9-9a6a-acde48001122,ac708a12-ce46-11e9-8a6e-acde48001122
pos,pos_met,manually_included,certain,0.1758102856,-,True,-,rumor,rumor,4614,True,True,True,0,1,2,None,,,,abs,True,,,,81f28cfe-a88f-11e9-9ce6-acde48001122,81f25dcc-a88f-11e9-bea5-acde48001122
pos/neg,fruit,wn_hypernym,not_certain,0.1768968433,-,True,-,bosc,bosc,312,True,True,False,0,0,1,0.8333333333333334,0.8333333333333334,,,conc,False,,,,81f28d1c-a88f-11e9-83e6-acde48001122,81f25718-a88f-11e9-a47d-acde48001122
pos/neg,vegetable,wn_hypernym,not_certain,0.1838497502,-,True,-,flageolet,flageolet,137,True,True,True,2,0,2,0.17391304347826086,0.17391304347826086,mon,,conc,True,,,,81f28d58-a88f-11e9-acb5-acde48001122,ac657a82-ce46-11e9-8a6e-acde48001122
pos/neg,fruit,wn_hypernym,not_certain,0.1841470738,-,True,-,sultana,sultana,1093,True,True,True,1,0,2,0.6923076923076923,0.6923076923076923,poly,non-met,conc,True,,,,81f28d80-a88f-11e9-ba40-acde48001122,ac7215e4-ce46-11e9-8a6e-acde48001122
pos/neg,fruit,wn_hypernym,not_certain,0.1937502999,-,True,-,blackheart,blackheart,345,True,True,True,0,0,2,0.08695652173913043,0.08695652173913043,,,abs-conc,True,,,,81f28db4-a88f-11e9-b5c6-acde48001122,81f26670-a88f-11e9-afd5-acde48001122
pos/neg,vegetable,wn_hypernym,not_certain,0.1948567973,-,True,-,snap,snap,8361,True,True,False,8,10,26,0.09090909090909091,0.25907090230033303,homonyms_only_different_pos,met,abs-conc,False,420,526,,81f28dda-a88f-11e9-b460-acde48001122,ac7163e2-ce46-11e9-8a6e-acde48001122
pos/neg,fruit,wn_hypernym,not_certain,0.1963570237,-,True,-,ear,ear,21668,True,True,False,2,0,5,0.1,0.21972222222222224,homonyms_also_same_pos,met non-met,abs-conc,False,640,560,,81f28e02-a88f-11e9-964a-acde48001122,ac6497c0-ce46-11e9-8a6e-acde48001122
pos/neg,vegetable,wn_hypernym,not_certain,0.1974162132,-,True,-,spud,spud,1041,True,True,True,4,0,4,0.14285714285714285,0.17669172932330826,poly,,conc,True,,,,81f28e28-a88f-11e9-b363-acde48001122,ac71ae24-ce46-11e9-8a6e-acde48001122
pos/neg,fruit,wn_hypernym,not_certain,0.1976446368,-,True,-,barleycorn,barleycorn,200,True,True,True,1,0,2,0.2,0.2,mon,,conc,True,,,,81f28e48-a88f-11e9-818c-acde48001122,ac60e972-ce46-11e9-8a6e-acde48001122
pos/neg,fruit,wn_hypernym,not_certain,0.1980923351,-,True,-,pyxis,pyxis,190,True,True,True,0,0,3,0.42105263157894735,0.5030959752321982,,,conc-n,True,,,,81f28e86-a88f-11e9-ad48-acde48001122,81f2707a-a88f-11e9-b611-acde48001122
pos/neg,fruit,wn_hypernym,not_certain,0.2010353217,-,True,-,bacca,bacca,134,True,True,True,0,0,1,1.0,1.0,,,conc,True,,,,81f28eac-a88f-11e9-8526-acde48001122,81f262e2-a88f-11e9-b04a-acde48001122
pos/neg,vegetable,wn_hypernym,not_certain,0.2032109667,-,True,-,swede,swede,1818,True,True,True,1,0,3,0.18181818181818182,0.32085561497326204,mon,non-met,conc,True,,,,81f28ed4-a88f-11e9-a771-acde48001122,ac723736-ce46-11e9-8a6e-acde48001122
pos/neg,fruit,wn_hypernym,not_certain,0.2041669711,-,True,-,jack,jack,145981,True,True,True,9,8,14,0.08695652173913043,0.34526130593339976,poly,non-met,abs-conc,True,552,472,414,81f28f06-a88f-11e9-a4f6-acde48001122,ac67e448-ce46-11e9-8a6e-acde48001122
pos/neg,fruit,wn_hypernym,not_certain,0.2065236018,-,True,-,buckeye,buckeye,2381,True,True,True,1,0,3,0.34782608695652173,0.424744337787816,,,conc,True,,,,81f28f38-a88f-11e9-a062-acde48001122,81f26f8a-a88f-11e9-ab34-acde48001122
pos/neg,vegetable,wn_hypernym,not_certain,0.2093413202,-,True,-,romaine,romaine,849,True,True,False,0,0,1,1.0,1.0,,,conc,False,,,,81f28f58-a88f-11e9-9526-acde48001122,81f27386-a88f-11e9-a7ca-acde48001122
pos/neg,fruit,wn_hypernym,not_certain,0.2107146412,-,True,-,kernel,kernel,11996,True,True,True,2,0,3,0.1111111111111111,0.298845404108562,poly,,abs-conc,True,559,477,,81f28f92-a88f-11e9-8278-acde48001122,ac680edc-ce46-11e9-8a6e-acde48001122
pos/neg,fruit,wn_hypernym,not_certain,0.2134545643,-,True,-,freestone,freestone,727,True,True,True,0,0,1,0.8181818181818182,0.8181818181818182,mon,,conc,True,,,,81f28fd8-a88f-11e9-adc8-acde48001122,ac65cb7c-ce46-11e9-8a6e-acde48001122
pos/neg,fruit,wn_hypernym,not_certain,0.2169891229,-,True,-,goober,goober,197,True,True,True,0,0,1,1.0,1.0,,,conc,True,,,,81f29014-a88f-11e9-a6c9-acde48001122,81f25ba8-a88f-11e9-8048-acde48001122
pos/neg,vegetable,wn_hypernym,not_certain,0.2197664466,-,True,-,iceberg,iceberg,2181,True,True,True,1,0,2,0.25,0.25,mon,,conc,True,,406,,81f2903a-a88f-11e9-9508-acde48001122,ac6747c2-ce46-11e9-8a6e-acde48001122
pos/neg,vegetable,wn_hypernym,not_certain,0.2209696229,-,True,-,julienne,julienne,278,True,True,False,1,0,3,0.35294117647058826,0.35294117647058826,,,conc,False,,,,81f29082-a88f-11e9-885d-acde48001122,81f27d54-a88f-11e9-8606-acde48001122
pos/neg,vegetable,wn_hypernym,not_certain,0.2215030129,-,True,-,marrow,marrow,5359,True,True,True,4,0,5,0.1111111111111111,0.18637497263658254,poly,,abs-conc,True,,,,81f290be-a88f-11e9-9e17-acde48001122,ac6c9d30-ce46-11e9-8a6e-acde48001122
pos/neg,vegetable,wn_hypernym,not_certain,0.2217392418,-,True,-,greens,green,15901,True,True,True,8,0,14,0.11764705882352941,0.27549221442963145,homonyms_only_different_pos,non-met,abs-conc-n,True,,,,81f290e6-a88f-11e9-becb-acde48001122,ac66679e-ce46-11e9-8a6e-acde48001122
pos/neg,vegetable,wn_hypernym,not_certain,0.2226295929,-,True,-,chilly,chilly,1433,True,True,False,1,0,4,None,,poly,non-met,conc,False,379,536,,81f2910c-a88f-11e9-9741-acde48001122,ac6231ba-ce46-11e9-8a6e-acde48001122
pos/neg,fruit,wn_hypernym,not_certain,0.2267635631,-,True,-,filbert,filbert,506,True,True,True,1,0,2,0.2962962962962963,0.2962962962962963,poly,,conc,True,,,,81f29140-a88f-11e9-8dbe-acde48001122,ac656038-ce46-11e9-8a6e-acde48001122
pos/neg,fruit,wn_hypernym,not_certain,0.2284109945,-,True,-,clementine,clementine,1669,True,True,True,1,0,2,0.2857142857142857,0.2857142857142857,,,conc,True,,,,81f29168-a88f-11e9-ba08-acde48001122,81f27734-a88f-11e9-942a-acde48001122
pos/neg,is_food,cslb,not_certain,0.2332669681,-,True,-,ham,ham,19578,True,True,True,3,0,5,0.23529411764705882,0.3689165409753645,homonyms_only_different_pos,non-met,conc-n,True,554,536,,81f291a4-a88f-11e9-802b-acde48001122,ac669d5e-ce46-11e9-8a6e-acde48001122
pos/neg,vegetable,wn_hypernym,not_certain,0.2338521621,-,True,-,leek,leek,1874,True,True,False,1,0,2,0.2,0.2,mon,,conc,False,621,431,389,81f291cc-a88f-11e9-9fdc-acde48001122,ac6c02a8-ce46-11e9-8a6e-acde48001122
pos/neg,fruit,wn_hypernym,not_certain,0.2383176118,-,True,-,muscat,muscat,3191,True,True,True,1,0,4,0.18181818181818182,0.2706734006734007,,,abs-conc-n,True,,,,81f291f4-a88f-11e9-b34c-acde48001122,81f25f2c-a88f-11e9-a1e5-acde48001122
pos/neg,vegetable,wn_hypernym,not_certain,0.2429297995,-,True,-,tabasco,tabasco,1682,True,True,True,1,0,3,0.19047619047619047,0.2171152518978606,mon,,conc-n,True,,,,81f29226-a88f-11e9-91de-acde48001122,ac724c9e-ce46-11e9-8a6e-acde48001122
pos/neg,vegetable,wn_hypernym,not_certain,0.246777988,-,True,-,green,green,292969,True,True,False,8,0,14,0.11764705882352941,0.27549221442963145,homonyms_only_different_pos,non-met,abs-conc-n,False,460,583,225,81f29258-a88f-11e9-95b5-acde48001122,ac66679e-ce46-11e9-8a6e-acde48001122
pos/neg,fruit,wn_hypernym,not_certain,0.2470966934,-,True,-,pod,pod,8030,True,True,True,4,0,6,0.125,0.2989341350575318,homonyms_only_different_pos,,abs-conc,True,,,,81f29276-a88f-11e9-acfd-acde48001122,ac6ec8b2-ce46-11e9-8a6e-acde48001122
pos/neg,vegetable,wn_hypernym,not_certain,0.2475510967,-,True,-,veg,veg,408,True,True,True,0,0,1,1.0,1.0,mon,,conc,True,,,,81f292b4-a88f-11e9-99fd-acde48001122,ac737a4c-ce46-11e9-8a6e-acde48001122
pos/neg,fruit,wn_hypernym,not_certain,0.2478112493,-,True,-,conker,conker,192,True,True,True,0,0,1,1.0,1.0,mon,,conc,True,,,,81f292da-a88f-11e9-9545-acde48001122,ac62cd82-ce46-11e9-8a6e-acde48001122
pos/neg,vegetable,wn_hypernym,not_certain,0.2504080218,-,True,-,cayenne,cayenne,1130,True,True,True,1,0,3,0.16666666666666666,0.21428571428571427,,,conc,True,,,,81f29318-a88f-11e9-9c3e-acde48001122,81f25a9a-a88f-11e9-bce2-acde48001122
pos/neg,vegetable,wn_hypernym,not_certain,0.2588352761,-,True,-,chard,chard,1007,True,True,True,1,0,2,0.19047619047619047,0.19047619047619047,poly,,conc,True,,,,81f2933e-a88f-11e9-aea3-acde48001122,ac621bee-ce46-11e9-8a6e-acde48001122
pos/neg,fruit,wn_hypernym,not_certain,0.26998792,-,True,-,grain,grain,31164,True,True,True,5,0,15,0.09523809523809523,0.2527422972771176,poly,,abs-conc,True,,,,81f2935c-a88f-11e9-be0b-acde48001122,ac665a4c-ce46-11e9-8a6e-acde48001122
pos/neg,fruit,wn_hypernym,not_certain,0.2702169073,-,True,-,cob,cob,1485,True,True,True,2,0,4,0.26666666666666666,0.45904937973903487,poly,,conc,True,,,,81f29398-a88f-11e9-9cd4-acde48001122,ac627c6a-ce46-11e9-8a6e-acde48001122
pos/neg,vegetable,wn_hypernym,not_certain,0.2716360402,-,True,-,kale,kale,2429,True,True,True,2,0,3,0.10526315789473684,0.13561681982734614,poly,,abs-conc,True,558,256,575,81f293de-a88f-11e9-8365-acde48001122,ac680734-ce46-11e9-8a6e-acde48001122
pos/neg,vegetable,wn_hypernym,not_certain,0.2736890909,-,True,-,chips,chip,13806,True,True,True,7,19,14,0.08695652173913043,0.23007466891657508,homonyms_only_different_pos,non-met,abs-conc,True,,,,81f29406-a88f-11e9-8d82-acde48001122,ac6234bc-ce46-11e9-8a6e-acde48001122
pos/neg,fruit,wn_hypernym,not_certain,0.2741388343,-,True,-,morello,morello,1290,True,True,True,1,0,2,0.2857142857142857,0.2857142857142857,mon,,conc,True,,,,81f29442-a88f-11e9-8062-acde48001122,ac6d188c-ce46-11e9-8a6e-acde48001122
pos/neg,fruit,wn_hypernym,not_certain,0.2863272098,-,True,-,cocoanut,cocoanut,242,True,True,True,0,0,1,1.0,1.0,,,conc,True,,,,81f29468-a88f-11e9-a76d-acde48001122,81f27124-a88f-11e9-8873-acde48001122
pos/neg,fruit,wn_hypernym,not_certain,0.2900101699,-,True,-,acorn,acorn,3853,True,True,True,0,0,1,1.0,1.0,mon,,conc,True,,397,,81f2949c-a88f-11e9-9cab-acde48001122,ac5ffc6a-ce46-11e9-8a6e-acde48001122
pos/neg,is_food,cslb,not_certain,0.293321906,-,True,-,sandwich,sandwich,10687,True,True,True,1,3,3,0.18181818181818182,0.18181818181818182,homonyms_only_different_pos,non-met,conc,True,,,,81f294cc-a88f-11e9-9bc5-acde48001122,ac707dce-ce46-11e9-8a6e-acde48001122
pos/neg,is_food,cslb,not_certain,0.2972948476,-,True,-,sardine,sardine,736,True,True,True,2,0,4,0.16,0.35117487904252614,poly,,abs-conc,True,606,446,353,81f29500-a88f-11e9-bb81-acde48001122,ac70815c-ce46-11e9-8a6e-acde48001122
pos/neg,fruit,wn_hypernym,not_certain,0.3003753704,-,True,-,chinquapin,chinquapin,227,True,True,True,1,0,3,0.32,0.5188888888888888,,,conc,True,,,,81f29534-a88f-11e9-a27b-acde48001122,81f26846-a88f-11e9-8d47-acde48001122
pos/neg,vegetable,wn_hypernym,not_certain,0.3025065566,-,True,-,sprout,sprout,1681,True,True,False,2,0,4,0.16666666666666666,0.20098039215686275,homonyms_only_different_pos,non-met,conc,False,,,,81f29550-a88f-11e9-9e29-acde48001122,ac71ad7a-ce46-11e9-8a6e-acde48001122
pos/neg,fruit,wn_hypernym,not_certain,0.3026737543,-,True,-,citron,citron,4790,True,True,True,1,0,2,0.3076923076923077,0.3076923076923077,poly,,conc,True,,,,81f2958c-a88f-11e9-a799-acde48001122,ac62544c-ce46-11e9-8a6e-acde48001122
pos/neg,vegetable is_food,cslb wn_hypernym,not_certain,0.3052743764,-,True,-,gherkin,gherkin,167,True,True,True,1,0,2,0.2857142857142857,0.2857142857142857,mon,,conc,True,,,,81f295b4-a88f-11e9-97b3-acde48001122,ac661c6c-ce46-11e9-8a6e-acde48001122
pos/neg,vegetable,wn_hypernym,not_certain,0.3053780694,-,True,-,squash,squash,9187,True,True,True,3,0,4,0.1,0.14444444444444443,homonyms_also_same_pos,non-met,abs-conc,True,,,,81f295f0-a88f-11e9-9602-acde48001122,ac71b202-ce46-11e9-8a6e-acde48001122
pos/neg,is_food,cslb,not_certain,0.3072438008,-,True,-,scallop,scallop,886,True,True,True,5,0,9,0.10526315789473684,0.19090161483253587,homonyms_only_different_pos,,abs-conc,True,,,,81f29618-a88f-11e9-b66e-acde48001122,ac708dbe-ce46-11e9-8a6e-acde48001122
pos/neg,is_food,cslb,not_certain,0.3098196753,-,True,-,mussel,mussel,2046,True,True,True,1,0,2,0.21052631578947367,0.21052631578947367,mon,non-met,conc,True,618,396,414,81f29636-a88f-11e9-9b4d-acde48001122,ac6d3b28-ce46-11e9-8a6e-acde48001122
pos/neg,fruit,wn_hypernym,not_certain,0.3103599079,-,True,-,seed,seed,50034,True,True,True,6,13,13,0.1111111111111111,0.24843995014273654,homonyms_only_different_pos,met,abs-conc,True,611,514,,81f2965e-a88f-11e9-aa07-acde48001122,ac70bd02-ce46-11e9-8a6e-acde48001122
pos/neg,vegetable,wn_hypernym,not_certain,0.3108478837,-,True,-,cress,cress,538,True,True,True,1,0,2,0.19047619047619047,0.19047619047619047,mon,,conc,True,,,,81f29686-a88f-11e9-b1a1-acde48001122,ac632854-ce46-11e9-8a6e-acde48001122
pos/neg,fruit,wn_hypernym,not_certain,0.3109311876,-,True,-,mandarin,mandarin,12350,True,True,True,4,0,6,0.08695652173913043,0.32079122532642507,poly,,abs-conc,True,,,,81f296a4-a88f-11e9-b398-acde48001122,ac6c8700-ce46-11e9-8a6e-acde48001122
pos/neg,vegetable,wn_hypernym,not_certain,0.3125086557,-,True,-,chipotle,chipotle,482,True,True,True,0,0,1,1.0,1.0,,,conc,True,,,,81f296cc-a88f-11e9-a5bf-acde48001122,81f2697a-a88f-11e9-b521-acde48001122
pos/neg,fruit,wn_hypernym,not_certain,0.3126296912,-,True,-,wintergreen,wintergreen,520,True,True,True,2,0,3,0.3333333333333333,0.4747474747474747,mon,,conc,True,,,,81f296f4-a88f-11e9-b334-acde48001122,ac7406b0-ce46-11e9-8a6e-acde48001122
pos/neg,fruit,wn_hypernym,not_certain,0.314440408,-,True,-,pome,pome,389,True,True,True,0,0,1,1.0,1.0,,,conc,True,,,,81f29712-a88f-11e9-a79f-acde48001122,81f25c34-a88f-11e9-8d50-acde48001122
pos,fruit is_juicy,cslb wn_hypernym,not_certain,0.3145773682,-,True,-,satsuma,satsuma,1892,True,True,True,1,0,2,0.2857142857142857,0.2857142857142857,mon,,conc,True,,,,81f2974c-a88f-11e9-b427-acde48001122,ac7085a8-ce46-11e9-8a6e-acde48001122
pos/neg,vegetable,wn_hypernym,not_certain,0.3154120877,-,True,-,sorrel,sorrel,844,True,True,True,3,0,6,0.16,0.4391045187748415,homonyms_only_different_pos,,conc,True,,,,81f29780-a88f-11e9-8de5-acde48001122,ac7182a0-ce46-11e9-8a6e-acde48001122
pos/neg,fruit,wn_hypernym,not_certain,0.3159812263,-,True,-,tamarindo,tamarindo,127,True,True,True,0,0,2,0.34782608695652173,0.34782608695652173,,,conc,True,,,,81f2979e-a88f-11e9-90cb-acde48001122,81f27b9c-a88f-11e9-b392-acde48001122
pos/neg,vegetable fruit,wn_hypernym,not_certain,0.3162517833,-,True,-,pea,pea,9564,True,True,True,1,0,3,0.19047619047619047,0.24610075914423737,poly,non-met,conc,True,614,524,,81f297da-a88f-11e9-8f39-acde48001122,ac6e46ee-ce46-11e9-8a6e-acde48001122
pos/neg,vegetable,wn_hypernym,not_certain,0.3171046046,-,True,-,yam,yam,3415,True,True,True,2,0,4,0.2,0.34385964912280703,poly,,conc,True,,,,81f29802-a88f-11e9-8058-acde48001122,ac742c30-ce46-11e9-8a6e-acde48001122
pos/neg,fruit,wn_hypernym,not_certain,0.3183613108,-,True,-,kiwi,kiwi,2758,True,True,True,2,0,4,0.34782608695652173,0.47954008869340675,poly,,conc,True,,,,81f2983e-a88f-11e9-96f0-acde48001122,ac6826e2-ce46-11e9-8a6e-acde48001122
pos/neg,is_food,cslb,not_certain,0.3193005738,-,True,-,bacon,bacon,12982,True,True,True,1,0,3,0.23529411764705882,0.3673202614379085,poly,,conc-n,True,,,,81f29886-a88f-11e9-ad6f-acde48001122,ac60d194-ce46-11e9-8a6e-acde48001122
pos/neg,fruit,wn_hypernym,not_certain,0.3197273381,-,True,-,dewberry,dewberry,190,True,True,True,1,0,2,0.32,0.32,,,conc,True,,,,81f298ac-a88f-11e9-ac7a-acde48001122,81f27b7e-a88f-11e9-a12e-acde48001122
pos/neg,fruit,wn_hypernym,not_certain,0.3218379063,-,True,-,huckleberry,huckleberry,1357,True,True,True,2,0,3,0.3333333333333333,0.5169082125603864,mon,,conc,True,,,,81f298de-a88f-11e9-bfea-acde48001122,ac672c92-ce46-11e9-8a6e-acde48001122
pos/neg,fruit,wn_hypernym,not_certain,0.3229936948,-,True,-,cottonseed,cottonseed,333,True,True,True,0,0,1,1.0,1.0,mon,,conc,True,,,,81f29906-a88f-11e9-b8ce-acde48001122,ac63089c-ce46-11e9-8a6e-acde48001122
pos/neg,vegetable,wn_hypernym,not_certain,0.3234100869,-,True,-,parsnip,parsnip,299,True,True,True,2,0,3,0.21052631578947367,0.28460038986354774,poly,,conc,True,,,,81f2992e-a88f-11e9-8371-acde48001122,ac6e2d30-ce46-11e9-8a6e-acde48001122
pos/neg,fruit,wn_hypernym,not_certain,0.3245120511,-,True,-,nutlet,nutlet,131,True,True,False,0,0,1,1.0,1.0,,,conc,False,,,,81f29974-a88f-11e9-8125-acde48001122,81f25e14-a88f-11e9-90c1-acde48001122
pos/neg,fruit,wn_hypernym,not_certain,0.3254876584,-,True,-,ananas,ananas,130,True,True,True,0,0,2,0.125,0.125,,,abs-conc,True,,,,81f2999c-a88f-11e9-8143-acde48001122,81f259d2-a88f-11e9-a016-acde48001122
pos/neg,fruit,wn_hypernym,not_certain,0.3338963954,-,True,-,calabash,calabash,508,True,True,True,1,0,5,0.36363636363636365,0.41645021645021646,poly,,conc,True,,,,81f299c6-a88f-11e9-bc31-acde48001122,ac61c5e0-ce46-11e9-8a6e-acde48001122
pos/neg,fruit,wn_hypernym,not_certain,0.333958998,-,True,-,linseed,linseed,707,True,True,True,0,0,1,1.0,1.0,mon,,conc,True,,,,81f299f6-a88f-11e9-ae06-acde48001122,ac6c2f4e-ce46-11e9-8a6e-acde48001122
pos/neg,is_food,cslb,not_certain,0.3359440684,-,True,-,doughnut,doughnut,1292,True,True,True,1,0,2,0.125,0.125,mon,,abs-conc,True,606,566,,81f29a1e-a88f-11e9-a5ca-acde48001122,ac643dd4-ce46-11e9-8a6e-acde48001122
pos/neg,fruit,wn_hypernym,not_certain,0.3386712381,-,True,-,crabapple,crabapple,312,True,True,True,0,0,3,0.3076923076923077,0.5146520146520147,,,conc,True,,,,81f29a46-a88f-11e9-bf56-acde48001122,81f26d28-a88f-11e9-b4ec-acde48001122
pos/neg,fruit,wn_hypernym,not_certain,0.3419616545,-,True,-,hackberry,hackberry,416,True,True,True,1,0,2,0.34782608695652173,0.34782608695652173,,,conc,True,,,,81f29a82-a88f-11e9-b827-acde48001122,81f25db0-a88f-11e9-bfa6-acde48001122
pos/neg,vegetable fruit,wn_hypernym,not_certain,0.3433877864,-,True,-,legume,legume,2581,True,True,True,1,0,3,0.21052631578947367,0.27123363965469227,poly,,conc,True,,258,,81f29aa8-a88f-11e9-88e3-acde48001122,ac6c08de-ce46-11e9-8a6e-acde48001122
pos/neg,fruit,wn_hypernym,not_certain,0.3437733089,-,True,-,chestnut,chestnut,10842,True,True,False,3,0,7,0.07692307692307693,0.18630737721907928,homonyms_only_different_pos,non-met,abs-conc,False,600,523,,81f29ae6-a88f-11e9-a5cb-acde48001122,ac622a4e-ce46-11e9-8a6e-acde48001122
neg,sweet,conceptnet,not_certain,0.3451160469,-,True,-,wines,wine,15960,True,True,True,2,0,4,0.2,0.2,homonyms_only_different_pos,non-met,abs,True,,,,81f29b0c-a88f-11e9-aa9a-acde48001122,ac7403fe-ce46-11e9-8a6e-acde48001122
pos/neg,vegetable,wn_hypernym,not_certain,0.3463657425,-,True,-,watercress,watercress,518,True,True,True,1,0,3,0.17391304347826086,0.17391304347826086,mon,,conc,True,,,,81f29b36-a88f-11e9-85d9-acde48001122,ac73c966-ce46-11e9-8a6e-acde48001122
pos/neg,is_food,cslb,not_certain,0.346734971,-,True,-,oyster,oyster,7028,True,True,True,2,0,4,0.1111111111111111,0.1516569200779727,poly,non-met,abs-conc,True,573,453,,81f29b68-a88f-11e9-ad94-acde48001122,ac6e04d6-ce46-11e9-8a6e-acde48001122
pos/neg,fruit,wn_hypernym,not_certain,0.3480616491,-,True,-,amaranth,amaranth,723,True,True,True,1,0,2,0.36363636363636365,0.36363636363636365,,,conc,True,,,,81f29b90-a88f-11e9-92ff-acde48001122,81f26d0a-a88f-11e9-a1bc-acde48001122
pos/neg,vegetable,wn_hypernym,not_certain,0.3498982068,-,True,-,soya,soya,854,True,True,True,0,0,2,0.19047619047619047,0.19047619047619047,,,conc,True,,,,81f29bb8-a88f-11e9-991d-acde48001122,81f25d4c-a88f-11e9-8ade-acde48001122
pos/neg,fruit,wn_hypernym,not_certain,0.3509068828,-,True,-,rye,rye,7373,True,True,True,2,0,3,0.17391304347826086,0.2252437417654809,poly,,abs-conc,True,600,388,500,81f29be8-a88f-11e9-add3-acde48001122,ac706690-ce46-11e9-8a6e-acde48001122
pos/neg,fruit,wn_hypernym,not_certain,0.3530506476,-,True,-,oilseed,oilseed,319,True,True,True,0,0,1,1.0,1.0,,,conc,True,,,,81f29c12-a88f-11e9-a0f4-acde48001122,81f27778-a88f-11e9-87bb-acde48001122
pos,pos,manually_included,certain,0.3532751361,-,True,-,burger,burger,8291,True,True,True,1,0,2,0.2222222222222222,0.2222222222222222,,,conc-n,True,,,,81f29c4c-a88f-11e9-aeb5-acde48001122,81f2764c-a88f-11e9-a228-acde48001122
pos/neg,vegetable,wn_hypernym,not_certain,0.3563357961,-,True,-,tater,tater,166,True,True,True,0,0,1,1.0,1.0,,,conc,True,,,,81f29c76-a88f-11e9-85c4-acde48001122,81f27b58-a88f-11e9-840e-acde48001122
pos/neg,vegetable,wn_hypernym,not_certain,0.3570657831,-,True,-,gumbo,gumbo,674,True,True,True,2,0,4,0.21052631578947367,0.28930885219584906,poly,,abs-conc,True,,,,81f29c9e-a88f-11e9-9338-acde48001122,ac6681ca-ce46-11e9-8a6e-acde48001122
pos/neg,fruit,wn_hypernym,not_certain,0.3595553965,-,True,-,damson,damson,194,True,True,True,0,0,1,0.8333333333333334,0.8333333333333334,poly,,conc,True,,,,81f29cd0-a88f-11e9-8de9-acde48001122,ac635f7c-ce46-11e9-8a6e-acde48001122
neg,sweet,conceptnet,not_certain,0.3619458484,-,True,-,donuts,donut,1324,True,True,True,0,0,1,1.0,1.0,,,conc,True,,,,81f29d18-a88f-11e9-9ebd-acde48001122,81f26ec2-a88f-11e9-b9b1-acde48001122
pos/neg,fruit,wn_hypernym,not_certain,0.3619775004,-,True,-,achene,achene,540,True,True,True,0,0,1,1.0,1.0,,,conc,True,,,,81f29d3e-a88f-11e9-a25b-acde48001122,81f26258-a88f-11e9-863f-acde48001122
pos/neg,fruit,wn_hypernym,not_certain,0.3627152043,-,True,-,cumin,cumin,644,True,True,True,1,0,2,0.36363636363636365,0.36363636363636365,poly,,conc,True,,,,81f29d7a-a88f-11e9-bc6e-acde48001122,ac6344ba-ce46-11e9-8a6e-acde48001122
pos/neg,vegetable,wn_hypernym,not_certain,0.3636358605,-,True,-,fries,fry,3343,True,True,True,2,4,6,0.2,0.40757575757575754,homonyms_only_different_pos,non-met,conc-n,True,,,,81f29da2-a88f-11e9-a206-acde48001122,ac65dc48-ce46-11e9-8a6e-acde48001122
pos/neg,vegetable,wn_hypernym,not_certain,0.3647232306,-,True,-,rutabaga,rutabaga,144,True,True,True,1,0,2,0.18181818181818182,0.18181818181818182,,,conc,True,,,,81f29dde-a88f-11e9-940e-acde48001122,81f25f90-a88f-11e9-93d1-acde48001122
pos/neg,fruit,wn_hypernym,not_certain,0.3659145498,-,True,-,rapeseed,rapeseed,469,True,True,True,0,0,1,1.0,1.0,,,conc,True,,,,81f29e24-a88f-11e9-8a6a-acde48001122,81f270fa-a88f-11e9-930e-acde48001122
pos/neg,fruit,wn_hypernym,not_certain,0.3659901231,-,True,-,durian,durian,768,True,True,True,1,0,2,0.3333333333333333,0.3333333333333333,,,conc,True,,,,81f29e58-a88f-11e9-aace-acde48001122,81f28150-a88f-11e9-a4c4-acde48001122
pos/neg,fruit,wn_hypernym,not_certain,0.3661882905,-,True,-,granadilla,granadilla,122,True,True,False,1,0,4,0.34782608695652173,0.6284584980237153,,,conc,False,,,,81f29e92-a88f-11e9-9c0f-acde48001122,81f260e4-a88f-11e9-86ba-acde48001122
pos/neg,fruit,wn_hypernym,not_certain,0.3666507802,-,True,-,medlar,medlar,179,True,True,True,1,0,4,0.3333333333333333,0.5075757575757576,poly,,conc,True,,,,81f29ec6-a88f-11e9-8af9-acde48001122,ac6cb8f6-ce46-11e9-8a6e-acde48001122
pos/neg,vegetable,wn_hypernym,not_certain,0.3666710056,-,True,-,veggie,veggie,347,True,True,True,0,0,1,1.0,1.0,,,conc,True,,,,81f29ef6-a88f-11e9-aa22-acde48001122,81f26300-a88f-11e9-a055-acde48001122
pos/neg,is_food,cslb,not_certain,0.3670532535,-,True,-,biscuit,biscuit,3219,True,True,True,1,0,2,0.7058823529411765,0.7058823529411765,poly,non-met,conc,True,574,521,,81f29f28-a88f-11e9-85b4-acde48001122,ac613210-ce46-11e9-8a6e-acde48001122
pos/neg,fruit,wn_hypernym,not_certain,0.3682178327,-,True,-,fig,fig,6235,True,True,True,2,0,4,0.1,0.17968154080854312,poly,non-met,abs-conc-n,True,,,,81f29f5a-a88f-11e9-a23f-acde48001122,ac655cf0-ce46-11e9-8a6e-acde48001122
pos/neg,fruit,wn_hypernym,not_certain,0.3710752224,-,True,-,flaxseed,flaxseed,143,True,True,True,0,0,1,1.0,1.0,,,conc,True,,,,81f29f8c-a88f-11e9-8e2b-acde48001122,81f25ae2-a88f-11e9-b667-acde48001122
pos/neg,fruit,wn_hypernym,not_certain,0.3731032364,-,True,-,sloe,sloe,174,True,True,False,1,0,3,0.2962962962962963,0.4454766918535034,mon,,conc,False,300,185,,81f29fa8-a88f-11e9-a237-acde48001122,ac71556e-ce46-11e9-8a6e-acde48001122
pos/neg,fruit,wn_hypernym,not_certain,0.3758629679,-,True,-,bilberry,bilberry,308,True,True,True,1,0,3,0.3333333333333333,0.5277777777777778,poly,,conc,True,,,,81f29fe6-a88f-11e9-9ea8-acde48001122,ac6128ec-ce46-11e9-8a6e-acde48001122
pos/neg,fruit,wn_hypernym,not_certain,0.3793175921,-,True,-,gourd,gourd,1609,True,True,True,1,0,3,0.4,0.4000000000000001,poly,,conc,True,,,,81f2a02c-a88f-11e9-a697-acde48001122,ac66560a-ce46-11e9-8a6e-acde48001122
pos/neg,vegetable,wn_hypernym,not_certain,0.3823453994,-,True,-,taro,taro,2463,True,True,True,1,0,3,0.2,0.2740740740740741,mon,,conc,True,,,,81f2a054-a88f-11e9-bd92-acde48001122,ac725fcc-ce46-11e9-8a6e-acde48001122
pos/neg,fruit,wn_hypernym,not_certain,0.3837662767,-,True,-,prune,prune,513,True,True,False,1,0,3,0.18181818181818182,0.18181818181818182,homonyms_only_different_pos,non-met,conc,False,611,444,347,81f2a086-a88f-11e9-b0f5-acde48001122,ac6f4d8c-ce46-11e9-8a6e-acde48001122
pos/neg,fruit,wn_hypernym,not_certain,0.3843162219,-,True,-,groundnut,groundnut,707,True,True,True,2,0,3,0.34782608695652173,0.4521739130434783,mon,,conc,True,,,,81f2a0b8-a88f-11e9-8d00-acde48001122,ac6674b4-ce46-11e9-8a6e-acde48001122
pos/neg,fruit,wn_hypernym,not_certain,0.385400964,-,True,-,butternut,butternut,434,True,True,True,1,0,2,0.2962962962962963,0.2962962962962963,,,conc,True,,,,81f2a0e8-a88f-11e9-85f3-acde48001122,81f26602-a88f-11e9-a1da-acde48001122
pos/neg,vegetable,wn_hypernym,not_certain,0.386970044,-,True,-,aubergine,aubergine,218,True,True,True,2,0,2,0.21052631578947367,0.21052631578947367,mon,non-met,conc,True,,,,81f2a11c-a88f-11e9-9b13-acde48001122,ac60ab9c-ce46-11e9-8a6e-acde48001122
neg,sweet,conceptnet,not_certain,0.3888636225,-,True,-,cookies,cookie,4134,True,True,True,2,0,3,0.125,0.16666666666666666,poly,,abs-conc,True,,,,81f2a13a-a88f-11e9-8155-acde48001122,ac62f028-ce46-11e9-8a6e-acde48001122
pos/neg,is_food,cslb,not_certain,0.389216188,-,True,-,lobster,lobster,3817,True,True,True,1,0,2,0.2,0.2,poly,,conc,True,590,472,,81f2a176-a88f-11e9-865d-acde48001122,ac6c3f70-ce46-11e9-8a6e-acde48001122
pos/neg,fruit,wn_hypernym,not_certain,0.3893474994,-,True,-,honeydew,honeydew,650,True,True,True,0,0,1,1.0,1.0,poly,,conc,True,,,,81f2a19e-a88f-11e9-a3a7-acde48001122,ac670f78-ce46-11e9-8a6e-acde48001122
pos/neg,is_food,cslb,not_certain,0.3915165214,-,True,-,yoghurt,yoghurt,432,True,True,True,0,0,1,0.875,0.875,mon,,conc,True,,,,81f2a1c6-a88f-11e9-ae71-acde48001122,ac7432ca-ce46-11e9-8a6e-acde48001122
pos/neg,fruit,wn_hypernym,not_certain,0.3916577873,-,True,-,quince,quince,932,True,True,True,2,0,2,0.3333333333333333,0.3333333333333333,mon,,conc,True,,,,81f2a1f8-a88f-11e9-aea1-acde48001122,ac6f8cde-ce46-11e9-8a6e-acde48001122
pos/neg,is_food,cslb,not_certain,0.3921914375,-,True,-,bread,bread,24007,True,True,True,2,0,3,0.13333333333333333,0.13333333333333333,poly,non-met,abs-conc,True,622,611,,81f2a228-a88f-11e9-be0b-acde48001122,ac61815c-ce46-11e9-8a6e-acde48001122
pos/neg,vegetable,wn_hypernym,not_certain,0.3926333715,-,True,-,scallion,scallion,219,True,True,True,1,0,2,0.19047619047619047,0.19047619047619047,mon,,conc,True,,,,81f2a25c-a88f-11e9-829f-acde48001122,ac708da0-ce46-11e9-8a6e-acde48001122
pos/neg,vegetable,wn_hypernym,not_certain,0.3958507371,-,True,-,turnip,turnip,847,True,True,True,1,0,2,0.19047619047619047,0.19047619047619047,poly,,conc,True,,,,81f2a286-a88f-11e9-a52f-acde48001122,ac7313e0-ce46-11e9-8a6e-acde48001122
pos/neg,vegetable fruit,wn_hypernym,not_certain,0.3976877506,-,True,-,lentil,lentil,457,True,True,True,1,0,3,0.19047619047619047,0.24610075914423737,mon,,conc,True,,,,81f2a2ac-a88f-11e9-8e6d-acde48001122,ac6c0c30-ce46-11e9-8a6e-acde48001122
pos/neg,vegetable,wn_hypernym,not_certain,0.4001695529,-,True,-,cauliflower,cauliflower,801,True,True,True,1,0,2,0.2,0.2,poly,,conc,True,642,462,,81f2a2de-a88f-11e9-8858-acde48001122,ac61fff6-ce46-11e9-8a6e-acde48001122
pos/neg,vegetable,wn_hypernym,not_certain,0.4020995668,-,True,-,broccoli,broccoli,1397,True,True,True,1,0,2,0.2,0.2,mon,,conc,True,,,,81f2a310-a88f-11e9-84be-acde48001122,ac6195fc-ce46-11e9-8a6e-acde48001122
pos/neg,fruit,wn_hypernym,not_certain,0.402600731,-,True,-,elderberry,elderberry,279,True,True,True,1,0,2,0.34782608695652173,0.34782608695652173,mon,,conc,True,,,,81f2a32e-a88f-11e9-b1a3-acde48001122,ac64b21e-ce46-11e9-8a6e-acde48001122
pos/neg,is_food,cslb,not_certain,0.4028937706,-,True,-,crab,crab,8586,True,True,True,3,0,11,0.09090909090909091,0.30423533066778,homonyms_also_same_pos,,abs-conc-n,True,626,433,292,81f2a368-a88f-11e9-984d-acde48001122,ac63199a-ce46-11e9-8a6e-acde48001122
pos/neg,vegetable,wn_hypernym,not_certain,0.4032209776,-,True,-,zucchini,zucchini,372,True,True,True,1,0,2,0.17391304347826086,0.17391304347826086,mon,,conc,True,,,,81f2a392-a88f-11e9-8f6a-acde48001122,ac743b9e-ce46-11e9-8a6e-acde48001122
pos/neg,vegetable,wn_hypernym,not_certain,0.4033607043,-,True,-,beetroot,beetroot,334,True,True,True,1,0,2,0.19047619047619047,0.19047619047619047,poly,,conc,True,,,,81f2a3c6-a88f-11e9-8110-acde48001122,ac610b78-ce46-11e9-8a6e-acde48001122
pos/neg,vegetable fruit,wn_hypernym,not_certain,0.4056467381,-,True,-,soy,soy,4929,True,True,True,2,0,4,0.18181818181818182,0.23206913859087774,mon,,conc,True,,,,81f2a3ec-a88f-11e9-96be-acde48001122,ac718c00-ce46-11e9-8a6e-acde48001122
pos/neg,vegetable,wn_hypernym,not_certain,0.4060052869,-,True,-,fennel,fennel,680,True,True,True,1,0,4,0.2,0.3481481481481481,mon,,conc,True,,,,81f2a414-a88f-11e9-a8bc-acde48001122,ac654ff8-ce46-11e9-8a6e-acde48001122
pos/neg,vegetable is_food,cslb wn_hypernym,not_certain,0.4079648097,-,True,-,artichoke,artichoke,557,True,True,True,1,0,2,0.21052631578947367,0.21052631578947367,poly,non-met,conc,True,,,,81f2a450-a88f-11e9-bfe5-acde48001122,ac608dd8-ce46-11e9-8a6e-acde48001122
pos/neg,fruit,wn_hypernym,not_certain,0.4088734934,-,True,-,drupe,drupe,641,True,True,True,0,0,1,1.0,1.0,mon,,conc,True,,,,81f2a478-a88f-11e9-a2ba-acde48001122,ac6477ae-ce46-11e9-8a6e-acde48001122
pos/neg,is_food,cslb,not_certain,0.4089197582,-,True,-,pie,pie,11835,True,True,True,1,0,2,0.13333333333333333,0.13333333333333333,poly,non-met,abs-conc,True,613,576,,81f2a49e-a88f-11e9-bb57-acde48001122,ac6e9590-ce46-11e9-8a6e-acde48001122
pos/neg,fruit is_food,cslb wn_hypernym,not_certain,0.4103454169,-,True,-,olive,olive,22573,True,True,True,3,0,6,0.09090909090909091,0.27728835457628026,poly,non-met,abs-conc,True,618,444,458,81f2a4d2-a88f-11e9-9274-acde48001122,ac6dc1ec-ce46-11e9-8a6e-acde48001122
pos/neg,fruit,wn_hypernym,not_certain,0.4117759231,-,True,-,raisin,raisin,1328,True,True,True,0,0,1,0.75,0.75,mon,non-met,conc,True,,,,81f2a4fa-a88f-11e9-b1b4-acde48001122,ac6f9e2c-ce46-11e9-8a6e-acde48001122
pos/neg,fruit,wn_hypernym,not_certain,0.4121337681,-,True,-,gooseberry,gooseberry,630,True,True,True,2,0,2,0.3333333333333333,0.3333333333333333,poly,,conc,True,,,,81f2a536-a88f-11e9-b1a3-acde48001122,ac6652a4-ce46-11e9-8a6e-acde48001122
pos/neg,fruit,wn_hypernym,not_certain,0.4121734294,-,True,-,breadfruit,breadfruit,524,True,True,True,2,0,2,0.3333333333333333,0.3333333333333333,poly,,conc,True,,,,81f2a55e-a88f-11e9-980e-acde48001122,ac6181e8-ce46-11e9-8a6e-acde48001122
pos/neg,is_food,cslb,not_certain,0.412246611,-,True,-,rice,rice,65319,True,True,True,1,0,5,0.19047619047619047,0.37265512265512263,poly,non-met,conc-n,True,608,548,,81f2a586-a88f-11e9-9737-acde48001122,ac7022b6-ce46-11e9-8a6e-acde48001122
neg,sweet,conceptnet,not_certain,0.4132733217,-,True,-,cake,cake,13460,True,True,True,2,5,4,0.26666666666666666,0.3174603174603175,homonyms_only_different_pos,met non-met,conc,True,624,594,214,81f2a5b8-a88f-11e9-a9c5-acde48001122,ac61c5c2-ce46-11e9-8a6e-acde48001122
pos/neg,fruit,wn_hypernym,not_certain,0.4148763156,-,True,-,blackberry,blackberry,4162,True,True,True,2,0,3,0.3333333333333333,0.3333333333333333,poly,,conc,True,,,,81f2a5e2-a88f-11e9-8fd2-acde48001122,ac6138e6-ce46-11e9-8a6e-acde48001122
pos/neg,fruit,wn_hypernym,not_certain,0.4150399287,-,True,-,jujube,jujube,225,True,True,True,2,0,3,0.18181818181818182,0.28708133971291866,mon,,conc,True,,,,81f2a608-a88f-11e9-9e0f-acde48001122,ac6800f4-ce46-11e9-8a6e-acde48001122
pos/neg,fruit,wn_hypernym,not_certain,0.4154688084,-,True,-,walnut,walnut,8905,True,True,True,2,0,3,0.19047619047619047,0.22954822954822954,poly,,abs-conc,True,642,538,,81f2a63a-a88f-11e9-8572-acde48001122,ac73b624-ce46-11e9-8a6e-acde48001122
neg,sweet,conceptnet,not_certain,0.4162347251,-,True,-,desserts,dessert,2309,True,True,True,0,0,1,1.0,1.0,mon,,conc,True,,,,81f2a66c-a88f-11e9-91cd-acde48001122,ac63b332-ce46-11e9-8a6e-acde48001122
pos/neg,vegetable,wn_hypernym,not_certain,0.4177055267,-,True,-,truffle,truffle,706,True,True,True,2,0,3,0.2222222222222222,0.26851851851851855,poly,,conc,True,,,,81f2a69e-a88f-11e9-83bb-acde48001122,ac72fbda-ce46-11e9-8a6e-acde48001122
pos,pos,manually_included,certain,0.4202633036,-,True,-,steak,steak,3066,True,True,True,0,0,1,1.0,1.0,poly,non-met,conc,True,646,558,329,81f2a6c6-a88f-11e9-af1a-acde48001122,ac71cb2a-ce46-11e9-8a6e-acde48001122
pos/neg,vegetable,wn_hypernym,not_certain,0.4204026804,-,True,-,chicory,chicory,370,True,True,True,1,0,4,0.2,0.2633528265107212,poly,,abs-conc,True,,,,81f2a6ee-a88f-11e9-9760-acde48001122,ac622d6e-ce46-11e9-8a6e-acde48001122
pos/neg,fruit,wn_hypernym,not_certain,0.4216683433,-,True,-,rambutan,rambutan,227,True,True,True,1,0,2,0.3333333333333333,0.3333333333333333,,,conc,True,,,,81f2a7a2-a88f-11e9-8154-acde48001122,81f26a6c-a88f-11e9-9ff9-acde48001122
pos/neg,is_food,cslb,not_certain,0.4222334001,-,True,-,soup,soup,12179,True,True,True,2,0,4,0.13333333333333333,0.26666666666666666,poly,,abs-conc,True,615,576,,81f2a7f4-a88f-11e9-9d2b-acde48001122,ac718732-ce46-11e9-8a6e-acde48001122
neg,sweet,conceptnet,not_certain,0.4223397008,-,True,-,cakes,cake,4849,True,True,True,2,5,4,0.26666666666666666,0.3174603174603175,homonyms_only_different_pos,met non-met,conc,True,,,,81f2a858-a88f-11e9-9a32-acde48001122,ac61c5c2-ce46-11e9-8a6e-acde48001122
pos/neg,fruit,wn_hypernym,not_certain,0.4249676668,-,True,-,persimmon,persimmon,693,True,True,True,2,0,2,0.32,0.32,poly,,conc,True,,,,81f2a89c-a88f-11e9-8d04-acde48001122,ac6e6f2a-ce46-11e9-8a6e-acde48001122
pos/neg,fruit,wn_hypernym,not_certain,0.425779122,-,True,-,berry,berry,20292,True,True,True,1,0,4,0.3333333333333333,0.5127674258109041,poly,non-met,conc-n,True,573,470,289,81f2a8cc-a88f-11e9-b9e0-acde48001122,ac611a46-ce46-11e9-8a6e-acde48001122
pos/neg,fruit,wn_hypernym,not_certain,0.4271614022,-,True,-,cashew,cashew,1151,True,True,True,2,0,2,0.3076923076923077,0.3076923076923077,poly,,conc,True,,,,81f2a91e-a88f-11e9-be8a-acde48001122,ac61f2ae-ce46-11e9-8a6e-acde48001122
pos/neg,vegetable,wn_hypernym,not_certain,0.4275438395,-,True,-,plantain,plantain,1273,True,True,True,2,0,3,0.21052631578947367,0.429963798384851,homonyms_also_same_pos,,conc,True,,,,81f2a964-a88f-11e9-b780-acde48001122,ac6eb232-ce46-11e9-8a6e-acde48001122
pos/neg,vegetable,wn_hypernym,not_certain,0.4281000059,-,True,-,shallot,shallot,209,True,True,True,2,0,3,0.18181818181818182,0.2467235281880591,mon,,conc,True,,,,81f2a9c8-a88f-11e9-b390-acde48001122,ac70eef8-ce46-11e9-8a6e-acde48001122
pos,pos,manually_included,certain,0.4283057301,-,True,-,meat,meat,43469,True,True,True,1,0,3,0.15384615384615385,0.2094017094017094,poly,non-met,abs-conc,True,587,589,,81f2aa2c-a88f-11e9-96a4-acde48001122,ac6cb4e6-ce46-11e9-8a6e-acde48001122
pos,fruit sweet is_juicy,cslb wn_hypernym conceptnet,not_certain,0.4294695413,-,True,-,orange,orange,85579,True,True,False,2,0,6,0.09090909090909091,0.21267781238369476,homonyms_only_different_pos,non-met,abs-conc-n,False,601,567,203,81f2aa74-a88f-11e9-b9c4-acde48001122,ac6dd5e2-ce46-11e9-8a6e-acde48001122
pos/neg,fruit,wn_hypernym,not_certain,0.4301522795,-,True,-,tamarind,tamarind,1084,True,True,True,2,0,2,0.34782608695652173,0.34782608695652173,poly,,conc,True,,,,81f2aac2-a88f-11e9-bbb8-acde48001122,ac7258f6-ce46-11e9-8a6e-acde48001122
pos/neg,vegetable fruit,wn_hypernym,not_certain,0.4309391642,-,True,-,chickpea,chickpea,361,True,True,True,2,0,3,0.19047619047619047,0.24610075914423737,poly,,conc,True,,,,81f2aafe-a88f-11e9-ac52-acde48001122,ac622cf6-ce46-11e9-8a6e-acde48001122
pos/neg,vegetable fruit,wn_hypernym,not_certain,0.4321994683,-,True,-,cowpea,cowpea,225,True,True,False,1,0,3,0.19047619047619047,0.24610075914423737,,,conc,False,,,,81f2ab3a-a88f-11e9-95b6-acde48001122,81f26bf4-a88f-11e9-af95-acde48001122
pos/neg,vegetable,wn_hypernym,not_certain,0.4344460208,-,True,-,chilli,chilli,1039,True,True,True,0,0,1,1.0,1.0,poly,,conc,True,,,,81f2ab94-a88f-11e9-8878-acde48001122,ac6231a6-ce46-11e9-8a6e-acde48001122
pos/neg,fruit,wn_hypernym,not_certain,0.4347494308,-,True,-,pomelo,pomelo,222,True,True,True,1,0,2,0.3076923076923077,0.3076923076923077,,,conc,True,,,,81f2abe4-a88f-11e9-a12b-acde48001122,81f260c6-a88f-11e9-8b53-acde48001122
pos/neg,fruit,wn_hypernym,not_certain,0.4350720221,-,True,-,coffee,coffee,42783,True,True,True,2,0,4,0.1,0.20505050505050507,poly,non-met,abs-conc,True,613,625,292,81f2ac28-a88f-11e9-a5d7-acde48001122,ac628412-ce46-11e9-8a6e-acde48001122
pos/neg,vegetable is_food,cslb wn_hypernym,not_certain,0.4352354265,-,True,-,mushroom,mushroom,8875,True,True,True,3,4,7,0.2,0.39942615004534515,homonyms_only_different_pos,non-met,conc,True,,,,81f2ac86-a88f-11e9-86a0-acde48001122,ac6d38d0-ce46-11e9-8a6e-acde48001122
pos/neg,fruit,wn_hypernym,not_certain,0.4358959628,-,True,-,serviceberry,serviceberry,133,True,True,True,1,0,2,0.34782608695652173,0.34782608695652173,,,conc,True,,,,81f2acd4-a88f-11e9-9492-acde48001122,81f26fa8-a88f-11e9-a23b-acde48001122
pos/neg,fruit is_food,cslb wn_hypernym,not_certain,0.437956453,-,True,-,nut,nut,7680,True,True,True,5,0,8,0.09523809523809523,0.24038799464496055,homonyms_only_different_pos,met,abs-conc-n,True,,,,81f2ad58-a88f-11e9-aa83-acde48001122,ac6d97da-ce46-11e9-8a6e-acde48001122
pos/neg,vegetable,wn_hypernym,not_certain,0.4398878645,-,True,-,pimento,pimento,129,True,True,True,1,0,2,0.17391304347826086,0.17391304347826086,poly,,conc,True,,,,81f2ad9c-a88f-11e9-91c9-acde48001122,ac6e9dec-ce46-11e9-8a6e-acde48001122
pos/neg,fruit,wn_hypernym,not_certain,0.4399385126,-,True,-,hazelnut,hazelnut,522,True,True,True,1,0,2,0.3076923076923077,0.3076923076923077,,,conc,True,,,,81f2add8-a88f-11e9-bc6c-acde48001122,81f27606-a88f-11e9-b8c9-acde48001122
pos/neg,fruit,wn_hypernym,not_certain,0.4410523355,-,True,-,mulberry,mulberry,3276,True,True,True,1,0,2,0.32,0.32,poly,,conc,True,,,,81f2ae34-a88f-11e9-aac6-acde48001122,ac6d2fa2-ce46-11e9-8a6e-acde48001122
pos/neg,fruit,wn_hypernym,not_certain,0.4448407813,-,True,-,pomegranate,pomegranate,1373,True,True,True,2,0,2,0.3333333333333333,0.3333333333333333,poly,,conc,True,,,,81f2ae9e-a88f-11e9-98b3-acde48001122,ac6ed8e8-ce46-11e9-8a6e-acde48001122
pos/neg,vegetable,wn_hypernym,not_certain,0.4452351651,-,True,-,rhubarb,rhubarb,903,True,True,True,1,0,2,0.2222222222222222,0.2222222222222222,poly,,conc,True,,,,81f2aec8-a88f-11e9-a759-acde48001122,ac7020e0-ce46-11e9-8a6e-acde48001122
pos/neg,fruit is_food,cslb wn_hypernym,not_certain,0.4474646873,-,True,-,corn,corn,25435,True,True,True,3,0,9,0.08695652173913043,0.21758200397562114,homonyms_also_same_pos,non-met,abs-conc,True,576,548,,81f2af06-a88f-11e9-ae3d-acde48001122,ac62fa00-ce46-11e9-8a6e-acde48001122
neg/pos,neighbors-200,wikipedia_sgns_model,not_certain,0.4476671121,-,True,-,cashews,cashews,231,True,True,True,0,0,2,0.3076923076923077,0.3076923076923077,,,conc,True,,,,81f2af2c-a88f-11e9-83c7-acde48001122,81f26fd0-a88f-11e9-9c65-acde48001122
neg/pos,neighbors-200,wikipedia_sgns_model,not_certain,0.4477195728,-,True,-,paratha,paratha,108,False,False,False,0,0,0,None,,,,-,False,,,,81f2af68-a88f-11e9-aa58-acde48001122,81f281fa-a88f-11e9-8991-acde48001122
neg/pos,neighbors-200,wikipedia_sgns_model,not_certain,0.4477439531,-,True,-,cerasus,cerasus,119,False,False,True,0,0,0,None,,,,-,False,,,,81f2af90-a88f-11e9-822d-acde48001122,81f27eee-a88f-11e9-8765-acde48001122
neg/pos,neighbors-200,wikipedia_sgns_model,not_certain,0.4478003852,-,True,-,pepperoni,pepperoni,173,True,True,True,0,0,1,1.0,1.0,,,conc,True,,,,81f2afb8-a88f-11e9-ac29-acde48001122,81f274f8-a88f-11e9-9601-acde48001122
neg/pos,neighbors-200,wikipedia_sgns_model,not_certain,0.448306157,-,True,-,savagnin,savagnin,105,False,False,True,0,0,0,None,,,,-,False,,,,81f2afe8-a88f-11e9-ac40-acde48001122,81f25b8a-a88f-11e9-8288-acde48001122
pos/neg,vegetable,wn_hypernym,not_certain,0.4489032015,-,True,-,mustard,mustard,5728,True,True,True,1,0,3,0.19047619047619047,0.235421888053467,poly,non-met,conc,True,595,532,,81f2b012-a88f-11e9-82b1-acde48001122,ac6d3ba0-ce46-11e9-8a6e-acde48001122
pos/neg,vegetable,wn_hypernym,not_certain,0.4490322615,-,True,-,pigweed,pigweed,106,True,True,True,2,0,3,0.2,0.40606060606060607,,,conc,True,,,,81f2b03a-a88f-11e9-b22f-acde48001122,81f2686e-a88f-11e9-963c-acde48001122
neg/pos,neighbors-200,wikipedia_sgns_model,not_certain,0.4494046435,-,True,-,caramel,caramel,1591,True,True,True,1,0,4,0.1,0.22715121136173766,poly,,abs-conc,True,,,,81f2b076-a88f-11e9-b867-acde48001122,ac61e1a6-ce46-11e9-8a6e-acde48001122
pos/neg,fruit,wn_hypernym,not_certain,0.4494136488,-,True,-,kumquat,kumquat,108,True,True,True,2,0,2,0.3076923076923077,0.3076923076923077,mon,,conc,True,,,,81f2b09e-a88f-11e9-b770-acde48001122,ac68322c-ce46-11e9-8a6e-acde48001122
neg/pos,neighbors-200,wikipedia_sgns_model,not_certain,0.449570317,-,True,-,cocoa,cocoa,5761,True,True,True,1,0,2,0.7142857142857143,0.7142857142857143,poly,,abs-conc,True,,,,81f2b0da-a88f-11e9-ba1c-acde48001122,ac6280b6-ce46-11e9-8a6e-acde48001122
neg/pos,neighbors-200,wikipedia_sgns_model,not_certain,0.4496422533,-,True,-,chicken,chicken,23318,True,True,True,2,0,5,0.1,0.22879759129759134,homonyms_only_different_pos,non-met,abs-conc,True,614,544,250,81f2b102-a88f-11e9-a0dd-acde48001122,ac622c24-ce46-11e9-8a6e-acde48001122
neg/pos,neighbors-200,wikipedia_sgns_model,not_certain,0.4504683863,-,True,-,soapberry,soapberry,102,True,True,True,0,0,1,1.0,1.0,,,conc,True,,,,81f2b128-a88f-11e9-8cfb-acde48001122,81f263c8-a88f-11e9-b5a3-acde48001122
neg/pos,neighbors-200,wikipedia_sgns_model,not_certain,0.4507644039,-,True,-,spicy,spicy,3294,True,False,False,1,0,3,None,,poly,met,-,False,,,,81f2b15c-a88f-11e9-b5b1-acde48001122,ac719b78-ce46-11e9-8a6e-acde48001122
neg/pos,neighbors-200,wikipedia_sgns_model,not_certain,0.4510149296,-,True,-,candy,candy,16606,True,True,True,0,0,2,None,,homonyms_only_different_pos,,conc,True,602,559,,81f2b186-a88f-11e9-9c49-acde48001122,ac61d6fc-ce46-11e9-8a6e-acde48001122
neg/pos,neighbors-200,wikipedia_sgns_model,not_certain,0.4511296309,-,True,-,anthracnose,anthracnose,190,False,False,True,0,0,0,None,,,,-,False,,,,81f2b1ac-a88f-11e9-b1c4-acde48001122,81f25630-a88f-11e9-ba05-acde48001122
pos/neg,is_food,cslb,not_certain,0.4511304297,-,True,-,mayonnaise,mayonnaise,1076,True,True,True,0,0,1,1.0,1.0,poly,,conc,True,,,,81f2b1e8-a88f-11e9-8d21-acde48001122,ac6caf14-ce46-11e9-8a6e-acde48001122
pos/neg,vegetable fruit,wn_hypernym,not_certain,0.4511494038,-,True,-,soybean,soybean,2398,True,True,True,1,0,3,0.18181818181818182,0.24004015308363136,mon,,conc,True,,,,81f2b22e-a88f-11e9-b075-acde48001122,ac718c32-ce46-11e9-8a6e-acde48001122
neg/pos,neighbors-200,wikipedia_sgns_model,not_certain,0.4511689373,-,True,-,dried,dry,15466,True,True,False,5,5,19,0.3333333333333333,0.3333333333333333,homonyms_only_different_pos,met non-met,conc,False,,,,81f2b27e-a88f-11e9-b955-acde48001122,ac6477ea-ce46-11e9-8a6e-acde48001122
neg/pos,neighbors-200,wikipedia_sgns_model,not_certain,0.45120892,-,True,-,juices,juice,1969,True,True,True,1,0,4,0.1111111111111111,0.23332944288826643,homonyms_only_different_pos,non-met,abs-conc,True,,,,81f2b2c6-a88f-11e9-9759-acde48001122,ac68005e-ce46-11e9-8a6e-acde48001122
neg/pos,neighbors-200,wikipedia_sgns_model,not_certain,0.4513159712,-,True,-,balsamic,balsamic,161,True,False,True,0,0,1,1.0,1.0,,,-,False,,,,81f2b30a-a88f-11e9-9545-acde48001122,81f26a08-a88f-11e9-9888-acde48001122
pos,fruit is_juicy,cslb wn_hypernym,not_certain,0.4513450097,-,True,-,tangerine,tangerine,1973,True,True,True,2,0,4,0.08,0.15523809523809526,poly,,abs-conc,True,645,495,,81f2b38c-a88f-11e9-a525-acde48001122,ac725a54-ce46-11e9-8a6e-acde48001122
neg/pos,neighbors-200,wikipedia_sgns_model,not_certain,0.4516626157,-,True,-,salads,salad,1579,True,True,True,0,0,1,1.0,1.0,poly,non-met,conc,True,,,,81f2b3d2-a88f-11e9-8eec-acde48001122,ac7071d0-ce46-11e9-8a6e-acde48001122
neg/pos,neighbors-200,wikipedia_sgns_model,not_certain,0.451681905,-,True,-,calycina,calycina,105,False,False,True,0,0,0,None,,,,-,False,,,,81f2b40c-a88f-11e9-b482-acde48001122,81f2695e-a88f-11e9-9c9d-acde48001122
neg/pos,neighbors-200,wikipedia_sgns_model,not_certain,0.4517264668,-,True,-,tomatoes,tomato,17974,True,True,True,2,0,2,0.21052631578947367,0.21052631578947367,poly,non-met,conc,True,,,,81f2b468-a88f-11e9-9a49-acde48001122,ac72bcb0-ce46-11e9-8a6e-acde48001122
neg/pos,neighbors-200,wikipedia_sgns_model,not_certain,0.452207114,-,True,-,marinades,marinade,111,True,True,True,0,0,2,None,,poly,,conc,True,,,,81f2b4ae-a88f-11e9-9239-acde48001122,ac6c95c4-ce46-11e9-8a6e-acde48001122
pos/neg,vegetable,wn_hypernym,not_certain,0.4523536076,-,True,-,chili,chili,6877,True,True,True,1,0,2,0.3157894736842105,0.3157894736842105,,,conc,True,,,,81f2b6ac-a88f-11e9-a2a8-acde48001122,81f2753e-a88f-11e9-8a44-acde48001122
pos,is_food is_juicy is_food is_juicy,cslb cslb_crowd_pos manually_included,certain,0.4532777984,-,True,-,shrimp,shrimp,7445,True,True,True,1,0,4,0.21052631578947367,0.3632157316367843,poly,,conc,True,629,546,,81f2b724-a88f-11e9-a3fc-acde48001122,ac71131a-ce46-11e9-8a6e-acde48001122
neg/pos,neighbors-200,wikipedia_sgns_model,not_certain,0.4538683464,-,True,-,bulgur,bulgur,116,True,True,True,0,0,1,1.0,1.0,,,conc,True,,,,81f2b762-a88f-11e9-9483-acde48001122,81f283ba-a88f-11e9-8ce3-acde48001122
neg/pos,neighbors-200,wikipedia_sgns_model,not_certain,0.4540842867,-,True,-,blueberries,blueberry,714,True,True,True,1,0,2,0.34782608695652173,0.34782608695652173,mon,,conc,True,,,,81f2b7a6-a88f-11e9-96cc-acde48001122,ac61501a-ce46-11e9-8a6e-acde48001122
neg/pos,neighbors-200,wikipedia_sgns_model,not_certain,0.4541937428,-,True,-,cereal,cereal,5197,True,True,True,2,0,4,0.21052631578947367,0.2832080200501253,poly,,conc,True,637,543,,81f2b7d8-a88f-11e9-b35f-acde48001122,ac620c4e-ce46-11e9-8a6e-acde48001122
pos/neg,vegetable is_food,cslb wn_hypernym,not_certain,0.4546793539,-,True,-,spinach,spinach,1607,True,True,True,1,0,2,0.2,0.2,mon,,conc,True,589,452,,81f2b800-a88f-11e9-919e-acde48001122,ac719dbc-ce46-11e9-8a6e-acde48001122
neg/pos,neighbors-200,wikipedia_sgns_model,not_certain,0.4555288883,-,True,-,ageratina,ageratina,105,True,True,True,0,0,1,1.0,1.0,,,abs,True,,,,81f2b834-a88f-11e9-b293-acde48001122,81f26c38-a88f-11e9-ac91-acde48001122
neg/pos,neighbors-200,wikipedia_sgns_model,not_certain,0.4563747763,-,True,-,pears,pear,2484,True,True,True,2,0,2,0.3333333333333333,0.3333333333333333,mon,non-met,conc,True,,,,81f2b864-a88f-11e9-afb5-acde48001122,ac6e495a-ce46-11e9-8a6e-acde48001122
neg/pos,neighbors-200,wikipedia_sgns_model,not_certain,0.4568356878,-,True,-,blackberries,blackberry,531,True,True,True,2,0,3,0.3333333333333333,0.3333333333333333,poly,,conc,True,,,,81f2b88c-a88f-11e9-8454-acde48001122,ac6138e6-ce46-11e9-8a6e-acde48001122
neg/pos,neighbors-200,wikipedia_sgns_model,not_certain,0.4580341541,-,True,-,quesadillas,quesadilla,124,True,True,True,0,0,1,1.0,1.0,,,conc,True,,,,81f2b8c8-a88f-11e9-9380-acde48001122,81f2550c-a88f-11e9-9815-acde48001122
neg/pos,neighbors-200,wikipedia_sgns_model,not_certain,0.458424738,-,True,-,colocasia,colocasia,121,True,True,True,0,0,1,1.0,1.0,,,abs,True,,,,81f2b8f0-a88f-11e9-b0f2-acde48001122,81f27ad4-a88f-11e9-9490-acde48001122
neg/pos,neighbors-200,wikipedia_sgns_model,not_certain,0.4585186059,-,True,-,flavor,flavor,11305,True,True,True,0,0,4,0.23529411764705882,0.2901960784313726,,,abs,True,,,,81f2b918-a88f-11e9-85cc-acde48001122,81f25a54-a88f-11e9-b5b2-acde48001122
pos/neg,fruit,wn_hypernym,not_certain,0.458702122,-,True,-,lychee,lychee,329,True,True,True,0,0,1,0.8181818181818182,0.8181818181818182,poly,,conc,True,,,,81f2b954-a88f-11e9-b03c-acde48001122,ac6c690a-ce46-11e9-8a6e-acde48001122
pos/neg,fruit,wn_hypernym,not_certain,0.4593197785,-,True,-,jackfruit,jackfruit,457,True,True,True,1,0,2,0.3333333333333333,0.3333333333333333,,,conc,True,,,,81f2b9a4-a88f-11e9-8363-acde48001122,81f26c74-a88f-11e9-90d9-acde48001122
neg/pos,neighbors-200,wikipedia_sgns_model,not_certain,0.4593258605,-,True,-,rhagoletis,rhagoletis,235,True,True,True,0,0,1,1.0,1.0,,,abs,True,,,,81f2b9cc-a88f-11e9-a44b-acde48001122,81f26d46-a88f-11e9-b6fb-acde48001122
neg/pos,neighbors-200,wikipedia_sgns_model,not_certain,0.45932715,-,True,-,actinidia,actinidia,110,True,True,True,0,0,1,1.0,1.0,,,abs,True,,,,81f2ba08-a88f-11e9-b981-acde48001122,81f26346-a88f-11e9-bfdb-acde48001122
neg/pos,neighbors-200,wikipedia_sgns_model,not_certain,0.4596984169,-,True,-,papayas,papaya,185,True,True,True,1,0,2,0.3333333333333333,0.3333333333333333,poly,,conc,True,,,,81f2ba30-a88f-11e9-9149-acde48001122,ac6e1d22-ce46-11e9-8a6e-acde48001122
neg/pos,neighbors-200,wikipedia_sgns_model,not_certain,0.4604426623,-,True,-,sauteed,sauteed,181,True,False,True,0,0,2,None,,,,-,False,,,,81f2ba6c-a88f-11e9-9979-acde48001122,81f2843e-a88f-11e9-8f19-acde48001122
neg/pos,neighbors-200,wikipedia_sgns_model,not_certain,0.4608767096,-,True,-,shallots,shallot,295,True,True,True,2,0,3,0.18181818181818182,0.2467235281880591,mon,,conc,True,,,,81f2ba94-a88f-11e9-9555-acde48001122,ac70eef8-ce46-11e9-8a6e-acde48001122
neg/pos,neighbors-200,wikipedia_sgns_model,not_certain,0.4613035496,-,True,-,arachis,arachis,107,True,True,False,0,0,1,1.0,1.0,,,abs,False,,,,81f2baba-a88f-11e9-8f75-acde48001122,81f28038-a88f-11e9-b4bd-acde48001122
neg/pos,neighbors-200,wikipedia_sgns_model,not_certain,0.4616585603,-,True,-,achiote,achiote,106,False,False,True,0,0,0,None,,,,-,False,,,,81f2baf8-a88f-11e9-9ac4-acde48001122,81f27ea8-a88f-11e9-bf9d-acde48001122
neg/pos,neighbors-200,wikipedia_sgns_model,not_certain,0.4618218063,-,True,-,yogurt,yogurt,2506,True,True,True,0,0,1,0.875,0.875,,,conc,True,,,,81f2bb1e-a88f-11e9-a47d-acde48001122,81f26628-a88f-11e9-a363-acde48001122
neg/pos,neighbors-200,wikipedia_sgns_model,not_certain,0.4621793499,-,True,-,lemongrass,lemongrass,199,True,True,True,0,0,2,0.19047619047619047,0.19047619047619047,,,abs-conc,True,,,,81f2bb48-a88f-11e9-a1d3-acde48001122,81f26c58-a88f-11e9-8e15-acde48001122
neg/pos,neighbors-200,wikipedia_sgns_model,not_certain,0.4622012391,-,True,-,buttercream,buttercream,126,False,False,True,0,0,0,None,,,,-,False,,,,81f2bb7a-a88f-11e9-abd0-acde48001122,81f269e8-a88f-11e9-b330-acde48001122
pos/neg,fruit,wn_hypernym,not_certain,0.4622017125,-,True,-,litchi,litchi,204,True,True,True,1,0,2,0.3333333333333333,0.3333333333333333,mon,,conc,True,,,,81f2bba2-a88f-11e9-9315-acde48001122,ac6c33b8-ce46-11e9-8a6e-acde48001122
neg/pos,neighbors-200,wikipedia_sgns_model,not_certain,0.4622936181,-,True,-,aligot,aligot,105,False,False,False,0,0,0,None,,,,-,False,,,,81f2bbde-a88f-11e9-abf5-acde48001122,81f2548c-a88f-11e9-87bc-acde48001122
neg/pos,neighbors-200,wikipedia_sgns_model,not_certain,0.4623569912,-,True,-,ginger,ginger,8122,True,True,True,2,0,6,0.1111111111111111,0.26541680999885336,homonyms_only_different_pos,,abs-conc,True,522,455,,81f2bc06-a88f-11e9-a8b9-acde48001122,ac662bb2-ce46-11e9-8a6e-acde48001122
neg/pos,neighbors-200,wikipedia_sgns_model,not_certain,0.4627284389,-,True,-,cucurbita,cucurbita,338,True,True,True,0,0,1,1.0,1.0,,,abs,True,,,,81f2bc2e-a88f-11e9-9fd7-acde48001122,81f2559a-a88f-11e9-98ed-acde48001122
pos/neg,fruit,wn_hypernym,not_certain,0.4630634283,-,True,-,loquat,loquat,150,True,True,True,2,0,2,0.3333333333333333,0.3333333333333333,poly,,conc,True,,,,81f2bc62-a88f-11e9-8b3b-acde48001122,ac6c5488-ce46-11e9-8a6e-acde48001122
pos/neg,vegetable fruit,wn_hypernym,not_certain,0.4630926839,-,True,-,okra,okra,575,True,True,True,1,0,3,0.21052631578947367,0.27123363965469227,mon,,conc,True,,,,81f2bc92-a88f-11e9-829c-acde48001122,ac6dbde6-ce46-11e9-8a6e-acde48001122
pos/neg,is_food,cslb,not_certain,0.4635345324,-,True,-,cheese,cheese,21839,True,True,True,2,0,4,0.2222222222222222,0.2361111111111111,poly,non-met,conc,True,624,588,211,81f2bcb0-a88f-11e9-b34b-acde48001122,ac62271a-ce46-11e9-8a6e-acde48001122
pos/neg,vegetable,wn_hypernym,not_certain,0.4641065274,-,True,-,carrot,carrot,2821,True,True,True,2,0,4,0.09523809523809523,0.1915065441381231,poly,non-met,abs-conc,True,622,539,,81f2bcec-a88f-11e9-9071-acde48001122,ac61ec50-ce46-11e9-8a6e-acde48001122
neg/pos,neighbors-200,wikipedia_sgns_model,not_certain,0.464176027,-,True,-,pecans,pecan,275,True,True,True,1,0,3,0.19047619047619047,0.22954822954822954,poly,,abs-conc,True,,,,81f2bd14-a88f-11e9-9503-acde48001122,ac6e4b1c-ce46-11e9-8a6e-acde48001122
neg/pos,neighbors-200,wikipedia_sgns_model,not_certain,0.4644541522,-,True,-,sugarcane,sugarcane,5418,True,True,True,0,0,2,0.38095238095238093,0.38095238095238093,mon,,conc,True,,,,81f2bd50-a88f-11e9-aa1f-acde48001122,ac721242-ce46-11e9-8a6e-acde48001122
neg/pos,neighbors-200,wikipedia_sgns_model,not_certain,0.4648288287,-,True,-,pineapples,pineapple,778,True,True,True,2,0,2,0.38095238095238093,0.38095238095238093,poly,,conc,True,,,,81f2bd78-a88f-11e9-855d-acde48001122,ac6ea0d0-ce46-11e9-8a6e-acde48001122
neg/pos,neighbors-200,wikipedia_sgns_model,not_certain,0.4652689137,-,True,-,chhena,chhena,115,False,False,True,0,0,0,None,,,,-,False,,,,81f2bd9e-a88f-11e9-bec7-acde48001122,81f26382-a88f-11e9-b2fc-acde48001122
pos/neg,fruit,wn_hypernym,not_certain,0.4653536484,-,True,-,carob,carob,350,True,True,True,2,0,3,0.21052631578947367,0.25146198830409355,poly,,conc,True,,,,81f2bdd2-a88f-11e9-ba14-acde48001122,ac61e96c-ce46-11e9-8a6e-acde48001122
neg/pos,neighbors-200,wikipedia_sgns_model,not_certain,0.4657113812,-,True,-,fenugreek,fenugreek,230,True,True,True,1,0,2,0.21052631578947367,0.21052631578947367,,,conc,True,,,,81f2c0e8-a88f-11e9-a89e-acde48001122,81f28062-a88f-11e9-914f-acde48001122
neg/pos,neighbors-200,wikipedia_sgns_model,not_certain,0.4660518037,-,True,-,guavas,guavas,167,True,True,False,0,0,3,0.3333333333333333,0.5299145299145299,,,conc,False,,,,81f2c11a-a88f-11e9-8006-acde48001122,81f26274-a88f-11e9-98b4-acde48001122
neg/pos,neighbors-200,wikipedia_sgns_model,not_certain,0.4661423605,-,True,-,maraschino,maraschino,155,True,True,True,1,0,2,0.5555555555555556,0.5555555555555556,poly,,abs-conc,True,,,,81f2c162-a88f-11e9-868a-acde48001122,ac6c90d8-ce46-11e9-8a6e-acde48001122
pos/neg,is_food,cslb,not_certain,0.46659705,-,True,-,jelly,jelly,4603,True,True,False,1,0,4,0.5,0.6174089068825911,poly,,conc,False,560,521,,81f2c1a6-a88f-11e9-ad1b-acde48001122,ac67ee84-ce46-11e9-8a6e-acde48001122
neg/pos,neighbors-200,wikipedia_sgns_model,not_certain,0.4666210087,-,True,-,currants,currant,344,True,True,True,2,0,3,0.3333333333333333,0.4670531400966183,poly,non-met,conc,True,,,,81f2c1e2-a88f-11e9-91c1-acde48001122,ac634aa0-ce46-11e9-8a6e-acde48001122
neg/pos,neighbors-200,wikipedia_sgns_model,not_certain,0.4667984414,-,True,-,edible,edible,7908,True,True,False,0,0,2,None,,mon,,conc,False,,,,81f2c20a-a88f-11e9-94e2-acde48001122,ac64a4ea-ce46-11e9-8a6e-acde48001122
neg/pos,neighbors-200,wikipedia_sgns_model,not_certain,0.4669272855,-,True,-,oregano,oregano,427,True,True,True,1,0,2,0.19047619047619047,0.19047619047619047,mon,,conc,True,,,,81f2c234-a88f-11e9-ab4b-acde48001122,ac6dd9b6-ce46-11e9-8a6e-acde48001122
neg/pos,neighbors-200,wikipedia_sgns_model,not_certain,0.4677209246,-,True,-,cultivars,cultivar,5212,True,True,True,0,0,1,0.8888888888888888,0.8888888888888888,,,abs,True,,,,81f2c26e-a88f-11e9-8368-acde48001122,81f257f4-a88f-11e9-b652-acde48001122
neg/pos,neighbors-200,wikipedia_sgns_model,not_certain,0.467766097,-,True,-,maize,maize,8434,True,True,True,1,0,2,0.09090909090909091,0.09090909090909091,mon,,abs-conc,True,453,334,,81f2c298-a88f-11e9-8f97-acde48001122,ac6c7b16-ce46-11e9-8a6e-acde48001122
pos/neg,fruit,wn_hypernym,not_certain,0.4678173063,-,True,-,cranberry,cranberry,1840,True,True,True,2,0,2,0.36363636363636365,0.36363636363636365,poly,,conc,True,596,483,,81f2c2be-a88f-11e9-9489-acde48001122,ac631d78-ce46-11e9-8a6e-acde48001122
neg/pos,neighbors-200,wikipedia_sgns_model,not_certain,0.4681043825,-,True,-,cultivar,cultivar,4491,True,True,True,0,0,1,0.8888888888888888,0.8888888888888888,,,abs,True,,,,81f2c2f0-a88f-11e9-872a-acde48001122,81f257f4-a88f-11e9-b652-acde48001122
neg/pos,neighbors-200,wikipedia_sgns_model,not_certain,0.4681763267,-,True,-,kiwifruit,kiwifruit,293,False,False,True,0,0,0,None,,,,-,False,,,,81f2c322-a88f-11e9-ba3d-acde48001122,81f25d88-a88f-11e9-bf6d-acde48001122
neg,sweet,conceptnet,not_certain,0.4683174161,-,True,-,pork,pork,9775,True,True,True,2,0,2,0.125,0.125,mon,non-met,abs-conc,True,585,538,,81f2c354-a88f-11e9-bb14-acde48001122,ac6ee34c-ce46-11e9-8a6e-acde48001122
neg/pos,neighbors-200,wikipedia_sgns_model,not_certain,0.469321854,-,True,-,shiso,shiso,105,False,False,True,0,0,0,None,,,,-,False,,,,81f2c386-a88f-11e9-ae80-acde48001122,81f26ee2-a88f-11e9-a3d6-acde48001122
neg/pos,neighbors-200,wikipedia_sgns_model,not_certain,0.4702106138,-,True,-,bagoong,bagoong,109,False,False,True,0,0,0,None,,,,-,False,,,,81f2c3a4-a88f-11e9-ae2e-acde48001122,81f283f8-a88f-11e9-8899-acde48001122
neg/pos,neighbors-200,wikipedia_sgns_model,not_certain,0.470607154,-,True,-,persimmons,persimmon,240,True,True,True,2,0,2,0.32,0.32,poly,,conc,True,,,,81f2c3e2-a88f-11e9-b3bf-acde48001122,ac6e6f2a-ce46-11e9-8a6e-acde48001122
neg/pos,neighbors-200,wikipedia_sgns_model,not_certain,0.4711503428,-,True,-,galangal,galangal,164,True,True,True,1,0,2,0.6956521739130435,0.6956521739130435,,,conc,True,,,,81f2c408-a88f-11e9-bc54-acde48001122,81f277dc-a88f-11e9-963e-acde48001122
neg/pos,neighbors-200,wikipedia_sgns_model,not_certain,0.4712788352,-,True,-,gooseberries,gooseberry,154,True,True,True,2,0,2,0.3333333333333333,0.3333333333333333,poly,,conc,True,,,,81f2c430-a88f-11e9-a0dd-acde48001122,ac6652a4-ce46-11e9-8a6e-acde48001122
neg/pos,neighbors-200,wikipedia_sgns_model,not_certain,0.4713466499,-,True,-,sorbet,sorbet,180,True,True,True,0,0,1,1.0,1.0,mon,,conc,True,,,,81f2c462-a88f-11e9-817a-acde48001122,ac7181a6-ce46-11e9-8a6e-acde48001122
neg/pos,neighbors-200,wikipedia_sgns_model,not_certain,0.4714918593,-,True,-,cilantro,cilantro,309,True,True,True,1,0,2,0.2,0.2,,,conc,True,,,,81f2c48a-a88f-11e9-90e3-acde48001122,81f25edc-a88f-11e9-9858-acde48001122
neg/pos,neighbors-200,wikipedia_sgns_model,not_certain,0.4715223728,-,True,-,pudding,pudding,3422,True,True,True,2,0,3,0.7058823529411765,0.7668845315904139,poly,non-met,conc,True,593,510,,81f2c4c6-a88f-11e9-97da-acde48001122,ac6f5804-ce46-11e9-8a6e-acde48001122
pos/neg,fruit,wn_hypernym,not_certain,0.4716166742,-,True,-,pistachio,pistachio,469,True,True,True,2,0,2,0.3076923076923077,0.3076923076923077,poly,,conc,True,,,,81f2c4f8-a88f-11e9-b5fc-acde48001122,ac6ea814-ce46-11e9-8a6e-acde48001122
neg/pos,neighbors-200,wikipedia_sgns_model,not_certain,0.4726026658,-,True,-,caramelized,caramelize,203,True,False,False,1,0,2,0.25,0.25,,,-,False,,,,81f2c518-a88f-11e9-a61c-acde48001122,81f2566c-a88f-11e9-9a9d-acde48001122
pos/neg,vegetable,wn_hypernym,not_certain,0.47271439,-,True,-,pepper,pepper,14198,True,True,True,2,0,6,0.2,0.30151515151515146,homonyms_only_different_pos,,conc,True,591,554,269,81f2c552-a88f-11e9-81c5-acde48001122,ac6e5cb0-ce46-11e9-8a6e-acde48001122
neg/pos,neighbors-200,wikipedia_sgns_model,not_certain,0.4733641313,-,True,-,prunus,prunus,1936,True,True,True,0,0,1,1.0,1.0,,,abs,True,,,,81f2c57a-a88f-11e9-9860-acde48001122,81f25964-a88f-11e9-9f0a-acde48001122
neg/pos,neighbors-200,wikipedia_sgns_model,not_certain,0.4738801888,-,True,-,coconuts,coconut,1641,True,True,True,2,0,3,0.21052631578947367,0.2509161793372319,poly,,conc,True,,,,81f2c5a2-a88f-11e9-a517-acde48001122,ac6280d4-ce46-11e9-8a6e-acde48001122
neg/pos,neighbors-200,wikipedia_sgns_model,not_certain,0.4742183893,-,True,-,sweetened,sweeten,1589,True,False,False,1,3,2,0.2857142857142857,0.2857142857142857,poly,,-,False,,,,81f2c5d4-a88f-11e9-baa5-acde48001122,ac723966-ce46-11e9-8a6e-acde48001122
neg/pos,neighbors-200,wikipedia_sgns_model,not_certain,0.4751395866,-,True,-,horchata,horchata,123,False,False,True,0,0,0,None,,,,-,False,,,,81f2c606-a88f-11e9-9541-acde48001122,81f25b62-a88f-11e9-a37b-acde48001122
neg/pos,neighbors-200,wikipedia_sgns_model,not_certain,0.4753573642,-,True,-,cinnamon,cinnamon,4645,True,True,True,1,0,3,0.17391304347826086,0.25902921555095465,homonyms_only_different_pos,,conc,True,599,515,,81f2c638-a88f-11e9-ac3a-acde48001122,ac624fc4-ce46-11e9-8a6e-acde48001122
neg/pos,neighbors-200,wikipedia_sgns_model,not_certain,0.4757042676,-,True,-,raisins,raisin,1444,True,True,True,0,0,1,0.75,0.75,mon,non-met,conc,True,,,,81f2c668-a88f-11e9-af4e-acde48001122,ac6f9e2c-ce46-11e9-8a6e-acde48001122
neg/pos,neighbors-200,wikipedia_sgns_model,not_certain,0.4771718093,-,True,-,cassava,cassava,2891,True,True,True,1,0,3,0.19047619047619047,0.26700083542188807,poly,,abs-conc,True,,,,81f2c692-a88f-11e9-a9ba-acde48001122,ac61f38a-ce46-11e9-8a6e-acde48001122
pos/neg,vegetable,wn_hypernym,not_certain,0.4776346425,-,True,-,beet,beet,2546,True,True,True,1,0,2,0.2,0.2,poly,,conc,True,645,497,,81f2c6c6-a88f-11e9-b2f5-acde48001122,ac610b14-ce46-11e9-8a6e-acde48001122
neg/pos,neighbors-200,wikipedia_sgns_model,not_certain,0.4783425185,-,True,-,hazelnuts,hazelnut,418,True,True,True,1,0,2,0.3076923076923077,0.3076923076923077,,,conc,True,,,,81f2c70a-a88f-11e9-b36f-acde48001122,81f27606-a88f-11e9-b8c9-acde48001122
neg/pos,neighbors-200,wikipedia_sgns_model,not_certain,0.478649979,-,True,-,avocados,avocado,527,True,True,True,2,0,3,0.3333333333333333,0.3333333333333333,mon,,conc,True,,,,81f2c73a-a88f-11e9-a59a-acde48001122,ac60b8e4-ce46-11e9-8a6e-acde48001122
neg/pos,neighbors-200,wikipedia_sgns_model,not_certain,0.4797341582,-,True,-,trichilia,trichilia,108,False,False,True,0,0,0,None,,,,-,False,,,,81f2c76e-a88f-11e9-b92b-acde48001122,81f26b8c-a88f-11e9-ae1b-acde48001122
neg/pos,neighbors-200,wikipedia_sgns_model,not_certain,0.4798078131,-,True,-,custard,custard,1600,True,True,True,0,0,1,1.0,1.0,poly,,conc,True,549,460,,81f2c79e-a88f-11e9-bbd7-acde48001122,ac634e42-ce46-11e9-8a6e-acde48001122
pos/neg,vegetable,wn_hypernym,not_certain,0.4799254539,-,True,-,radish,radish,799,True,True,True,1,0,5,0.19047619047619047,0.47947895100069016,poly,,conc,True,,456,,81f2c80c-a88f-11e9-8b2b-acde48001122,ac6f9878-ce46-11e9-8a6e-acde48001122
neg/pos,neighbors-200,wikipedia_sgns_model,not_certain,0.4809307308,-,True,-,mangoes,mango,1104,True,True,True,2,0,2,0.3333333333333333,0.3333333333333333,poly,,conc,True,,,,81f2c840-a88f-11e9-9d4b-acde48001122,ac6c88e0-ce46-11e9-8a6e-acde48001122
pos/neg,vegetable,wn_hypernym,not_certain,0.4809468092,-,True,-,vegetable,vegetable,11793,True,True,True,1,0,2,0.23529411764705882,0.23529411764705882,homonyms_only_different_pos,non-met,conc,True,602,591,269,81f2c868-a88f-11e9-a17f-acde48001122,ac737ab0-ce46-11e9-8a6e-acde48001122
pos/neg,vegetable fruit is_food,cslb wn_hypernym,not_certain,0.4810759009,-,True,-,bean,bean,12162,True,True,True,2,0,5,0.2,0.23097643097643097,poly,met non-met,conc,True,604,549,,81f2c89a-a88f-11e9-a5fb-acde48001122,ac60fd22-ce46-11e9-8a6e-acde48001122
neg/pos,neighbors-200,wikipedia_sgns_model,not_certain,0.4833389689,-,True,-,peanuts,peanut,4471,True,True,True,3,0,5,0.3333333333333333,0.45786278938452857,poly,,conc,True,,,,81f2c8c2-a88f-11e9-b5da-acde48001122,ac6e4914-ce46-11e9-8a6e-acde48001122
neg/pos,neighbors-200,wikipedia_sgns_model,not_certain,0.4842338601,-,True,-,salad,salad,4621,True,True,True,0,0,1,1.0,1.0,poly,non-met,conc,True,595,554,342,81f2c8f4-a88f-11e9-b43d-acde48001122,ac7071d0-ce46-11e9-8a6e-acde48001122
neg/pos,neighbors-200,wikipedia_sgns_model,not_certain,0.4843478664,-,True,-,honey,honey,19774,True,True,True,1,0,4,0.25,0.25,poly,met,conc,True,611,533,286,81f2c946-a88f-11e9-bba8-acde48001122,ac670ee2-ce46-11e9-8a6e-acde48001122
neg/pos,neighbors-200,wikipedia_sgns_model,not_certain,0.4846240516,-,True,-,flavors,flavor,5521,True,True,True,0,0,4,0.23529411764705882,0.2901960784313726,,,abs,True,,,,81f2c976-a88f-11e9-8527-acde48001122,81f25a54-a88f-11e9-b5b2-acde48001122
neg/pos,neighbors-200,wikipedia_sgns_model,not_certain,0.4855322256,-,True,-,sativum,sativum,140,False,False,True,0,0,0,None,,,,-,False,,,,81f2c9b4-a88f-11e9-83f4-acde48001122,81f2582e-a88f-11e9-bf7f-acde48001122
pos/neg,is_food,cslb,not_certain,0.4856241332,-,True,-,chocolate,chocolate,19564,True,True,True,1,0,3,0.13333333333333333,0.2723646723646724,homonyms_only_different_pos,non-met,abs-conc,True,576,560,,81f2c9da-a88f-11e9-afa0-acde48001122,ac6237be-ce46-11e9-8a6e-acde48001122
neg/pos,neighbors-200,wikipedia_sgns_model,not_certain,0.4861047346,-,True,-,mesocarp,mesocarp,119,True,True,False,0,0,1,1.0,1.0,,,conc,False,,,,81f2ca02-a88f-11e9-b3da-acde48001122,81f28198-a88f-11e9-9746-acde48001122
pos/neg,fruit,wn_hypernym,not_certain,0.4861699029,-,True,-,pawpaw,pawpaw,271,True,True,True,1,0,3,0.32,0.514074074074074,mon,,conc,True,,,,81f2ca28-a88f-11e9-b505-acde48001122,ac6e4388-ce46-11e9-8a6e-acde48001122
neg/pos,neighbors-200,wikipedia_sgns_model,not_certain,0.4881901987,-,True,-,lemons,lemon,1714,True,True,True,4,0,5,0.08,0.19811847771438568,poly,non-met,abs-conc,True,,,,81f2ca48-a88f-11e9-b14b-acde48001122,ac6c0a00-ce46-11e9-8a6e-acde48001122
neg/pos,neighbors-200,wikipedia_sgns_model,not_certain,0.4883178108,-,True,-,blackcurrant,blackcurrant,284,False,False,True,0,0,0,None,,poly,,-,False,,,,81f2ca86-a88f-11e9-b4c8-acde48001122,ac61392c-ce46-11e9-8a6e-acde48001122
pos,is_juicy,mcrae,not_certain,0.4888545837,-,True,pos-is_juicy-all,beets,beet,1374,True,True,True,1,0,2,0.2,0.2,poly,,conc,True,,,,81f2caac-a88f-11e9-8221-acde48001122,ac610b14-ce46-11e9-8a6e-acde48001122
pos,fruit is_food is_juicy,cslb wn_hypernym cslb_crowd_pos,certain,0.4889992192,-,True,-,currant,currant,542,True,True,True,2,0,3,0.3333333333333333,0.4670531400966183,poly,non-met,conc,True,,,,81f2cafa-a88f-11e9-97f8-acde48001122,ac634aa0-ce46-11e9-8a6e-acde48001122
pos/neg,fruit,wn_hypernym,not_certain,0.4893770821,-,True,-,pecan,pecan,1102,True,True,True,1,0,3,0.19047619047619047,0.22954822954822954,poly,,abs-conc,True,,,,81f2cb2e-a88f-11e9-b569-acde48001122,ac6e4b1c-ce46-11e9-8a6e-acde48001122
neg/pos,neighbors-200,wikipedia_sgns_model,not_certain,0.4901599757,-,True,-,flavored,flavor,3729,True,True,False,0,0,4,0.23529411764705882,0.2901960784313726,,,abs,False,,,,81f2cb4c-a88f-11e9-9fff-acde48001122,81f25a54-a88f-11e9-b5b2-acde48001122
pos/neg,fruit,wn_hypernym,not_certain,0.4907786909,-,True,-,papaya,papaya,1259,True,True,True,1,0,2,0.3333333333333333,0.3333333333333333,poly,,conc,True,,,,81f2cb88-a88f-11e9-a5df-acde48001122,ac6e1d22-ce46-11e9-8a6e-acde48001122
pos/neg,fruit,wn_hypernym,not_certain,0.4910960987,-,True,-,mangosteen,mangosteen,201,True,True,True,2,0,2,0.3333333333333333,0.3333333333333333,poly,,conc,True,,,,81f2cbb0-a88f-11e9-9a94-acde48001122,ac6c88f4-ce46-11e9-8a6e-acde48001122
pos/neg,vegetable,wn_hypernym,not_certain,0.4913300061,-,True,-,eggplant,eggplant,940,True,True,True,1,0,2,0.21052631578947367,0.21052631578947367,poly,,conc,True,,,,81f2cbd8-a88f-11e9-92c9-acde48001122,ac64ad0a-ce46-11e9-8a6e-acde48001122
neg/pos,neighbors-200,wikipedia_sgns_model,not_certain,0.4915225103,-,True,-,onions,onion,4692,True,True,True,1,0,3,0.2,0.26195286195286194,poly,,conc,True,,,,81f2cc14-a88f-11e9-b029-acde48001122,ac6dc82c-ce46-11e9-8a6e-acde48001122
neg/pos,neighbors-200,wikipedia_sgns_model,not_certain,0.4929563209,-,True,-,cucurbits,cucurbit,122,True,True,True,0,0,1,1.0,1.0,,,abs,True,,,,81f2cc3a-a88f-11e9-95f7-acde48001122,81f25a36-a88f-11e9-b30b-acde48001122
neg/pos,neighbors-200,wikipedia_sgns_model,not_certain,0.4942387191,-,True,-,dessert,dessert,4305,True,True,True,0,0,1,1.0,1.0,mon,,conc,True,,,,81f2cc6e-a88f-11e9-ba80-acde48001122,ac63b332-ce46-11e9-8a6e-acde48001122
pos/neg,vegetable,wn_hypernym,not_certain,0.4944442228,-,True,-,cabbage,cabbage,4316,True,True,True,1,0,4,0.10526315789473684,0.14097007223942207,poly,,abs-conc,True,611,504,,81f2cc9e-a88f-11e9-8f8d-acde48001122,ac61bfbe-ce46-11e9-8a6e-acde48001122
neg/pos,neighbors-200,wikipedia_sgns_model,not_certain,0.4961462107,-,True,-,leucaena,leucaena,112,True,True,True,0,0,1,1.0,1.0,,,abs,True,,,,81f2ccc8-a88f-11e9-aebf-acde48001122,81f284ca-a88f-11e9-8cbd-acde48001122
neg/pos,neighbors-200,wikipedia_sgns_model,not_certain,0.4962078751,-,True,-,melons,melon,871,True,True,True,1,0,2,0.36363636363636365,0.36363636363636365,poly,,conc,True,,,,81f2ccfa-a88f-11e9-a830-acde48001122,ac6cbce8-ce46-11e9-8a6e-acde48001122
neg/pos,neighbors-200,wikipedia_sgns_model,not_certain,0.497131601,-,True,-,candied,candy,348,True,True,False,0,0,2,None,,homonyms_only_different_pos,,conc,False,,,,81f2cd2c-a88f-11e9-b830-acde48001122,ac61d6fc-ce46-11e9-8a6e-acde48001122
neg/pos,neighbors-200,wikipedia_sgns_model,not_certain,0.4972381363,-,True,-,chutneys,chutney,153,True,True,True,0,0,1,1.0,1.0,mon,,conc,True,,,,81f2cd4a-a88f-11e9-bc0d-acde48001122,ac624cf4-ce46-11e9-8a6e-acde48001122
neg/pos,neighbors-200,wikipedia_sgns_model,not_certain,0.4982440695,-,True,-,raspberries,raspberry,749,True,True,True,2,0,3,0.10526315789473684,0.1878654970760234,poly,,abs-conc,True,,,,81f2cd86-a88f-11e9-aa65-acde48001122,ac6fa868-ce46-11e9-8a6e-acde48001122
pos/neg,fruit,wn_hypernym,not_certain,0.4984766289,-,True,-,apricot,apricot,1446,True,True,True,1,0,3,0.09090909090909091,0.1806298276886512,poly,,abs-conc,True,638,428,386,81f2cdae-a88f-11e9-8b9b-acde48001122,ac607ba4-ce46-11e9-8a6e-acde48001122
pos/neg,vegetable,wn_hypernym,not_certain,0.4995872077,-,True,-,onion,onion,6518,True,True,True,1,0,3,0.2,0.26195286195286194,poly,,conc,True,632,550,286,81f2cde8-a88f-11e9-9245-acde48001122,ac6dc82c-ce46-11e9-8a6e-acde48001122
neg/pos,neighbors-200,wikipedia_sgns_model,not_certain,0.5012332546,-,True,-,sugar,sugar,59056,True,True,True,2,0,4,0.1111111111111111,0.22073156748079348,homonyms_only_different_pos,non-met,abs-conc,True,620,608,,81f2ce12-a88f-11e9-b407-acde48001122,ac7211f2-ce46-11e9-8a6e-acde48001122
neg/pos,neighbors-200,wikipedia_sgns_model,not_certain,0.5015360716,-,True,-,apricots,apricot,689,True,True,True,1,0,3,0.09090909090909091,0.1806298276886512,poly,,abs-conc,True,,,,81f2ce3a-a88f-11e9-bd48-acde48001122,ac607ba4-ce46-11e9-8a6e-acde48001122
neg/pos,neighbors-200,wikipedia_sgns_model,not_certain,0.5031886117,-,True,-,cream,cream,29383,True,True,True,6,7,8,0.125,0.23260073260073255,homonyms_only_different_pos,non-met,abs-conc,True,621,514,,81f2ce6c-a88f-11e9-8228-acde48001122,ac63212e-ce46-11e9-8a6e-acde48001122
neg/pos,neighbors-200,wikipedia_sgns_model,not_certain,0.5044523249,-,True,-,allspice,allspice,232,True,True,True,2,0,3,0.17391304347826086,0.37146307798481715,mon,,conc,True,,,,81f2ce94-a88f-11e9-b282-acde48001122,ac6036e4-ce46-11e9-8a6e-acde48001122
neg/pos,neighbors-200,wikipedia_sgns_model,not_certain,0.5052992826,-,True,-,jalapeos,jalapeos,136,False,False,False,0,0,0,None,,,,-,False,,,,81f2ceba-a88f-11e9-b34e-acde48001122,81f28376-a88f-11e9-9f99-acde48001122
pos,fruit is_juicy,cslb wn_hypernym,not_certain,0.5053787769,-,True,-,lime,lime,13357,True,True,True,5,0,8,0.17391304347826086,0.3775651808939852,homonyms_also_same_pos,,abs-conc,True,590,447,378,81f2cef8-a88f-11e9-b3fe-acde48001122,ac6c2652-ce46-11e9-8a6e-acde48001122
neg/pos,neighbors-200,wikipedia_sgns_model,not_certain,0.5083872434,-,True,-,carrots,carrot,2038,True,True,True,2,0,4,0.09523809523809523,0.1915065441381231,poly,non-met,abs-conc,True,,,,81f2cf1e-a88f-11e9-9247-acde48001122,ac61ec50-ce46-11e9-8a6e-acde48001122
neg/pos,neighbors-200,wikipedia_sgns_model,not_certain,0.5088694747,-,True,-,sauce,sauce,11296,True,True,True,1,3,4,0.3333333333333333,0.3333333333333333,homonyms_only_different_pos,non-met,conc,True,576,522,258,81f2cf7a-a88f-11e9-a076-acde48001122,ac708666-ce46-11e9-8a6e-acde48001122
pos/neg,fruit,wn_hypernym,not_certain,0.5092638928,-,True,-,almond,almond,4248,True,True,True,2,0,2,0.32,0.32,poly,,conc,True,,,,81f2cfa2-a88f-11e9-82f6-acde48001122,ac603810-ce46-11e9-8a6e-acde48001122
pos,fruit is_juicy,cslb wn_hypernym,not_certain,0.5092738893,-,True,-,nectarine,nectarine,101,True,True,True,1,0,2,0.3333333333333333,0.3333333333333333,mon,,conc,True,,,,81f2cfca-a88f-11e9-af32-acde48001122,ac6d5d10-ce46-11e9-8a6e-acde48001122
neg/pos,neighbors-200,wikipedia_sgns_model,not_certain,0.5097898201,-,True,-,shiitake,shiitake,194,True,True,True,0,0,1,1.0,1.0,,,conc,True,,,,81f2cffa-a88f-11e9-a549-acde48001122,81f27868-a88f-11e9-bd0b-acde48001122
pos/neg,is_food,cslb,not_certain,0.5098875467,-,True,-,butter,butter,11341,True,True,True,1,0,3,0.3333333333333333,0.3333333333333333,homonyms_only_different_pos,non-met,conc,True,618,615,206,81f2d024-a88f-11e9-a793-acde48001122,ac61b87a-ce46-11e9-8a6e-acde48001122
pos/neg,vegetable,wn_hypernym,not_certain,0.5102894104,-,True,-,asparagus,asparagus,1431,True,True,True,1,0,2,0.2222222222222222,0.2222222222222222,mon,,conc,True,608,534,,81f2d04c-a88f-11e9-9769-acde48001122,ac6096b6-ce46-11e9-8a6e-acde48001122
neg/pos,neighbors-200,wikipedia_sgns_model,not_certain,0.5112070093,-,True,-,sweet,sweet,47334,True,True,False,5,0,16,0.1111111111111111,0.2261904761904762,homonyms_only_different_pos,met non-met,abs-conc-n,False,463,570,,81f2d088-a88f-11e9-8383-acde48001122,ac72384e-ce46-11e9-8a6e-acde48001122
neg/pos,neighbors-200,wikipedia_sgns_model,not_certain,0.5117827474,-,True,-,chives,chive,293,True,True,True,0,0,1,1.0,1.0,poly,,conc,True,,,,81f2d0b0-a88f-11e9-bedc-acde48001122,ac62369c-ce46-11e9-8a6e-acde48001122
neg/pos,neighbors-200,wikipedia_sgns_model,not_certain,0.5121645886,-,True,-,puree,puree,169,True,True,True,0,0,2,None,,homonyms_only_different_pos,non-met,conc,True,,,,81f2d0ec-a88f-11e9-898c-acde48001122,ac6f65b0-ce46-11e9-8a6e-acde48001122
neg/pos,neighbors-200,wikipedia_sgns_model,not_certain,0.5122141059,-,True,-,bananas,banana,5137,True,True,True,2,0,2,0.38095238095238093,0.38095238095238093,mon,,conc,True,,,,81f2d114-a88f-11e9-828e-acde48001122,ac60ddba-ce46-11e9-8a6e-acde48001122
neg/pos,neighbors-200,wikipedia_sgns_model,not_certain,0.5132156829,-,True,-,vanilla,vanilla,4623,True,True,True,3,0,5,0.08333333333333333,0.12171717171717171,poly,,abs-conc,True,,,,81f2d13a-a88f-11e9-81ad-acde48001122,ac737092-ce46-11e9-8a6e-acde48001122
pos/neg,vegetable,wn_hypernym,not_certain,0.5165372767,-,True,-,lettuce,lettuce,2192,True,True,True,1,0,3,0.1111111111111111,0.14074074074074075,poly,,abs-conc,True,579,565,,81f2d16e-a88f-11e9-a84f-acde48001122,ac6c1176-ce46-11e9-8a6e-acde48001122
neg/pos,neighbors-200,wikipedia_sgns_model,not_certain,0.5171301117,-,True,-,gochujang,gochujang,128,False,False,True,0,0,0,None,,,,-,False,,,,81f2d198-a88f-11e9-8fe7-acde48001122,81f27408-a88f-11e9-ac6e-acde48001122
pos/neg,fruit,wn_hypernym,not_certain,0.5175330564,-,True,-,lingonberry,lingonberry,100,True,True,True,1,0,2,0.3333333333333333,0.3333333333333333,,,conc,True,,,,81f2d1dc-a88f-11e9-bd5b-acde48001122,81f27c8c-a88f-11e9-8a08-acde48001122
pos/neg,fruit,wn_hypernym,not_certain,0.5188695603,-,True,-,mamey,mamey,115,True,True,True,1,0,2,0.3333333333333333,0.3333333333333333,,,conc,True,,,,81f2d218-a88f-11e9-b8a5-acde48001122,81f26828-a88f-11e9-8522-acde48001122
pos/neg,vegetable,wn_hypernym,not_certain,0.5196203371,-,True,-,celery,celery,1209,True,True,True,1,0,2,0.2222222222222222,0.2222222222222222,poly,,conc,True,,,,81f2d240-a88f-11e9-bb59-acde48001122,ac6205d2-ce46-11e9-8a6e-acde48001122
neg/pos,neighbors-200,wikipedia_sgns_model,not_certain,0.5197685005,-,True,-,plums,plum,1199,True,True,True,3,0,5,0.09090909090909091,0.1806298276886512,poly,,abs-conc,True,,,,81f2d27a-a88f-11e9-a6b8-acde48001122,ac6ec222-ce46-11e9-8a6e-acde48001122
neg/pos,neighbors-200,wikipedia_sgns_model,not_certain,0.5197978516,-,True,-,walnuts,walnut,1085,True,True,True,2,0,3,0.19047619047619047,0.22954822954822954,poly,,abs-conc,True,,,,81f2d2ae-a88f-11e9-bd2e-acde48001122,ac73b624-ce46-11e9-8a6e-acde48001122
pos/neg,fruit,wn_hypernym,not_certain,0.5203017279,-,True,-,sapodilla,sapodilla,124,True,True,True,1,0,2,0.3333333333333333,0.3333333333333333,,,conc,True,,,,81f2d2e2-a88f-11e9-8c0c-acde48001122,81f25694-a88f-11e9-a598-acde48001122
neg/pos,neighbors-200,wikipedia_sgns_model,not_certain,0.5223453191,-,True,-,almonds,almond,1902,True,True,True,2,0,2,0.32,0.32,poly,,conc,True,,,,81f2d312-a88f-11e9-bb80-acde48001122,ac603810-ce46-11e9-8a6e-acde48001122
pos/neg,fruit,wn_hypernym,not_certain,0.5237860875,-,True,-,guava,guava,947,True,True,True,2,0,3,0.3333333333333333,0.5299145299145299,poly,,conc,True,,,,81f2d346-a88f-11e9-9f4f-acde48001122,ac667c0c-ce46-11e9-8a6e-acde48001122
neg/pos,neighbors-200,wikipedia_sgns_model,not_certain,0.5266622985,-,True,-,cherries,cherry,1959,True,True,True,3,0,5,0.09090909090909091,0.22159798262739439,homonyms_only_different_pos,,abs-conc,True,,,,81f2d36c-a88f-11e9-ae88-acde48001122,ac62294a-ce46-11e9-8a6e-acde48001122
pos,fruit is_juicy,wn_hypernym mcrae,not_certain,0.5304718519,-,True,pos-is_juicy-most,cantaloupe,cantaloupe,287,True,True,True,1,0,2,0.3076923076923077,0.3076923076923077,,,conc,True,,,,81f2d394-a88f-11e9-bb83-acde48001122,81f27018-a88f-11e9-9fb1-acde48001122
pos/neg,fruit,wn_hypernym,not_certain,0.5318050733,-,True,-,avocado,avocado,1305,True,True,True,2,0,3,0.3333333333333333,0.3333333333333333,mon,,conc,True,,,,81f2d3d0-a88f-11e9-9ec4-acde48001122,ac60b8e4-ce46-11e9-8a6e-acde48001122
neg/pos,neighbors-200,wikipedia_sgns_model,not_certain,0.533519623,-,True,-,garlic,garlic,5186,True,True,True,1,0,2,0.19047619047619047,0.19047619047619047,mon,non-met,conc,True,636,509,,81f2d3f8-a88f-11e9-a567-acde48001122,ac65ff70-ce46-11e9-8a6e-acde48001122
neg/pos,neighbors-200,wikipedia_sgns_model,not_certain,0.53415292,-,True,-,beans,bean,12600,True,True,True,2,0,5,0.2,0.23097643097643097,poly,met non-met,conc,True,,,,81f2d41e-a88f-11e9-ba76-acde48001122,ac60fd22-ce46-11e9-8a6e-acde48001122
neg/pos,neighbors-200,wikipedia_sgns_model,not_certain,0.534945015,-,True,-,oranges,orange,3774,True,True,True,2,0,6,0.09090909090909091,0.21267781238369476,homonyms_only_different_pos,non-met,abs-conc-n,True,,,,81f2d45c-a88f-11e9-a562-acde48001122,ac6dd5e2-ce46-11e9-8a6e-acde48001122
neg/pos,neighbors-200,wikipedia_sgns_model,not_certain,0.5350128673,-,True,-,syrup,syrup,4860,True,True,True,0,0,1,1.0,1.0,poly,,conc,True,,,,81f2d486-a88f-11e9-ba87-acde48001122,ac724a96-ce46-11e9-8a6e-acde48001122
neg/pos,neighbors-200,wikipedia_sgns_model,not_certain,0.5358619375,-,True,-,berries,berry,5586,True,True,True,1,0,4,0.3333333333333333,0.5127674258109041,poly,non-met,conc-n,True,,,,81f2d4c0-a88f-11e9-bd15-acde48001122,ac611a46-ce46-11e9-8a6e-acde48001122
neg/pos,neighbors-200,wikipedia_sgns_model,not_certain,0.5376892197,-,True,-,passionfruit,passionfruit,154,False,False,True,0,0,0,None,,,,-,False,,,,81f2d4e8-a88f-11e9-85c2-acde48001122,81f270de-a88f-11e9-8c31-acde48001122
pos/neg,vegetable,wn_hypernym,not_certain,0.5384848311,-,True,-,pumpkin,pumpkin,3575,True,True,True,2,0,2,0.21052631578947367,0.21052631578947367,poly,,conc,True,,,,81f2d510-a88f-11e9-9ad2-acde48001122,ac6f602e-ce46-11e9-8a6e-acde48001122
pos,juicy,conceptnet,not_certain,0.5390737297,-,True,-,peaches,peach,3166,True,True,True,2,0,5,0.09090909090909091,0.2615968324088529,homonyms_only_different_pos,,abs-conc,True,,,,81f2d542-a88f-11e9-864a-acde48001122,ac6e4810-ce46-11e9-8a6e-acde48001122
neg/pos,neighbors-200,wikipedia_sgns_model,not_certain,0.5392335318,-,True,-,apples,apple,11956,True,True,True,1,0,2,0.32,0.32,poly,non-met,conc,True,,,,81f2d574-a88f-11e9-8007-acde48001122,ac606d6c-ce46-11e9-8a6e-acde48001122
pos/neg,fruit is_food,cslb wn_hypernym,not_certain,0.5408165782,-,True,-,peanut,peanut,4305,True,True,True,3,0,5,0.3333333333333333,0.45786278938452857,poly,,conc,True,,,,81f2d59c-a88f-11e9-9db6-acde48001122,ac6e4914-ce46-11e9-8a6e-acde48001122
pos,fruit is_juicy,cslb wn_hypernym,not_certain,0.5410013926,-,True,-,raspberry,raspberry,3078,True,True,True,2,0,3,0.10526315789473684,0.1878654970760234,poly,,abs-conc,True,594,513,,81f2d5cc-a88f-11e9-b418-acde48001122,ac6fa868-ce46-11e9-8a6e-acde48001122
pos/neg,vegetable,wn_hypernym,not_certain,0.5420592149,-,True,-,cucumber,cucumber,2071,True,True,True,2,0,2,0.2,0.2,poly,,conc,True,653,536,,81f2d600-a88f-11e9-b38b-acde48001122,ac6340c8-ce46-11e9-8a6e-acde48001122
neg/pos,neighbors-200,wikipedia_sgns_model,not_certain,0.5420942928,-,True,-,grapes,grape,11643,True,True,True,1,0,3,0.34782608695652173,0.3641382771817554,poly,,conc,True,,,,81f2d634-a88f-11e9-90c1-acde48001122,ac665f60-ce46-11e9-8a6e-acde48001122
pos,fruit is_juicy,cslb wn_hypernym,not_certain,0.5427407479,-,True,-,pear,pear,4366,True,True,True,2,0,2,0.3333333333333333,0.3333333333333333,mon,non-met,conc,True,634,567,,81f2d65a-a88f-11e9-aed8-acde48001122,ac6e495a-ce46-11e9-8a6e-acde48001122
pos,fruit is_juicy,cslb wn_hypernym,not_certain,0.543526812,-,True,-,plum,plum,5994,True,True,False,3,0,5,0.09090909090909091,0.1806298276886512,poly,,abs-conc,False,632,547,,81f2d682-a88f-11e9-8ef2-acde48001122,ac6ec222-ce46-11e9-8a6e-acde48001122
pos,fruit is_juicy,cslb wn_hypernym,not_certain,0.5437267765,-,True,-,melon,melon,2295,True,True,True,1,0,2,0.36363636363636365,0.36363636363636365,poly,,conc,True,,441,,81f2d6be-a88f-11e9-8ba7-acde48001122,ac6cbce8-ce46-11e9-8a6e-acde48001122
neg/pos,neighbors-200,wikipedia_sgns_model,not_certain,0.5460318387,-,True,-,vegetables,vegetable,17635,True,True,True,1,0,2,0.23529411764705882,0.23529411764705882,homonyms_only_different_pos,non-met,conc,True,,,,81f2d6e6-a88f-11e9-ae66-acde48001122,ac737ab0-ce46-11e9-8a6e-acde48001122
neg/pos,neighbors-200,wikipedia_sgns_model,not_certain,0.5486012374,-,True,-,strawberries,strawberry,1991,True,True,True,2,0,3,0.1111111111111111,0.19746484452366805,poly,,abs-conc,True,,,,81f2d70c-a88f-11e9-8a46-acde48001122,ac71ed80-ce46-11e9-8a6e-acde48001122
pos,fruit is_juicy,cslb wn_hypernym mcrae,not_certain,0.5498693715,-,True,pos-is_juicy-all,blueberry,blueberry,2067,True,True,True,1,0,2,0.34782608695652173,0.34782608695652173,mon,,conc,True,,,,81f2d740-a88f-11e9-a8fe-acde48001122,ac61501a-ce46-11e9-8a6e-acde48001122
neg/pos,neighbors-200,wikipedia_sgns_model,not_certain,0.5518069518,-,True,-,fruits,fruit,23163,True,True,True,2,3,5,0.1111111111111111,0.25816993464052285,homonyms_only_different_pos,non-met,abs-conc,True,,,,81f2d774-a88f-11e9-a03f-acde48001122,ac65da54-ce46-11e9-8a6e-acde48001122
pos,fruit is_juicy,wn_hypernym cslb_crowd_pos,certain,0.5537652038,-,True,-,cherry,cherry,22512,True,True,True,3,0,5,0.09090909090909091,0.22159798262739439,homonyms_only_different_pos,,abs-conc,True,611,514,317,81f2d7a4-a88f-11e9-b603-acde48001122,ac62294a-ce46-11e9-8a6e-acde48001122
pos/neg,fruit,wn_hypernym,not_certain,0.555888479,-,True,-,coconut,coconut,10927,True,True,True,2,0,3,0.21052631578947367,0.2509161793372319,poly,,conc,True,,,,81f2d7d8-a88f-11e9-8ac1-acde48001122,ac6280d4-ce46-11e9-8a6e-acde48001122
pos/neg,fruit,wn_hypernym,not_certain,0.5587769547,-,True,-,soursop,soursop,100,True,True,True,1,0,2,0.3076923076923077,0.3076923076923077,,,conc,True,,,,81f2d7f4-a88f-11e9-b8ac-acde48001122,81f27340-a88f-11e9-9edb-acde48001122
pos/neg,fruit fruit,wn_hypernym manually_included,certain,0.562403232,-,True,-,banana,banana,10769,True,True,True,2,0,2,0.38095238095238093,0.38095238095238093,mon,,conc,True,633,576,,81f2d830-a88f-11e9-ba85-acde48001122,ac60ddba-ce46-11e9-8a6e-acde48001122
pos,fruit is_juicy,cslb wn_hypernym,not_certain,0.5626791354,-,True,-,grape,grape,14592,True,True,True,1,0,3,0.34782608695652173,0.3641382771817554,poly,,conc,True,611,532,297,81f2d858-a88f-11e9-9b9b-acde48001122,ac665f60-ce46-11e9-8a6e-acde48001122
neg/pos,neighbors-200,wikipedia_sgns_model,not_certain,0.5644241024,-,True,-,juice,juice,12735,True,True,True,1,0,4,0.1111111111111111,0.23332944288826643,homonyms_only_different_pos,non-met,abs-conc,True,599,567,250,81f2d880-a88f-11e9-8ac8-acde48001122,ac68005e-ce46-11e9-8a6e-acde48001122
pos,fruit is_juicy,cslb wn_hypernym,not_certain,0.5648833219,-,True,-,mango,mango,5074,True,True,True,2,0,2,0.3333333333333333,0.3333333333333333,poly,,conc,True,,,,81f2d8ba-a88f-11e9-8fca-acde48001122,ac6c88e0-ce46-11e9-8a6e-acde48001122
neg/pos,neighbors-200,wikipedia_sgns_model,not_certain,0.5694608733,-,True,-,potatoes,potato,9650,True,True,True,1,0,2,0.2222222222222222,0.2222222222222222,poly,non-met,conc,True,,,,81f2d902-a88f-11e9-8760-acde48001122,ac6ef0b2-ce46-11e9-8a6e-acde48001122
pos,fruit is_juicy,cslb wn_hypernym,not_certain,0.5815567118,-,True,-,grapefruit,grapefruit,1273,True,True,True,1,0,2,0.3076923076923077,0.3076923076923077,mon,,conc,True,,,,81f2d93e-a88f-11e9-8c2b-acde48001122,ac665f7e-ce46-11e9-8a6e-acde48001122
pos,fruit is_juicy,cslb wn_hypernym,not_certain,0.5835500538,-,True,-,peach,peach,6726,True,True,True,2,0,5,0.09090909090909091,0.2615968324088529,homonyms_only_different_pos,,abs-conc,True,617,536,292,81f2d970-a88f-11e9-b1e9-acde48001122,ac6e4810-ce46-11e9-8a6e-acde48001122
pos/neg,vegetable is_food vegetable is_food,cslb wn_hypernym manually_included,certain,0.5850681752,-,True,-,potato,potato,11670,True,True,True,1,0,2,0.2222222222222222,0.2222222222222222,poly,non-met,conc,True,629,612,233,81f2d98c-a88f-11e9-8fdb-acde48001122,ac6ef0b2-ce46-11e9-8a6e-acde48001122
pos,fruit is_juicy,cslb wn_hypernym,not_certain,0.5868160558,-,True,-,watermelon,watermelon,1702,True,True,True,2,0,2,0.3333333333333333,0.3333333333333333,mon,,conc,True,,,,81f2d9ca-a88f-11e9-88a5-acde48001122,ac73ca92-ce46-11e9-8a6e-acde48001122
pos,fruit is_juicy fruit is_juicy,cslb wn_hypernym manually_included,certain,0.5965977265,-,True,-,pineapple,pineapple,3462,True,True,True,2,0,2,0.38095238095238093,0.38095238095238093,poly,,conc,True,653,489,,81f2d9f4-a88f-11e9-9313-acde48001122,ac6ea0d0-ce46-11e9-8a6e-acde48001122
pos/neg,fruit,wn_hypernym,not_certain,0.5991788263,-,True,-,citrus,citrus,8613,True,True,True,1,0,2,0.3333333333333333,0.3333333333333333,homonyms_only_different_pos,non-met,conc,True,,,,81f2da1a-a88f-11e9-a69d-acde48001122,ac625460-ce46-11e9-8a6e-acde48001122
pos/neg,fruit,wn_hypernym,not_certain,0.604079136,-,True,-,fruit,fruit,59986,True,True,True,2,3,5,0.1111111111111111,0.25816993464052285,homonyms_only_different_pos,non-met,abs-conc,True,612,590,219,81f2da58-a88f-11e9-a088-acde48001122,ac65da54-ce46-11e9-8a6e-acde48001122
pos,fruit is_juicy,cslb wn_hypernym,not_certain,0.6062876828,-,True,-,lemon,lemon,10273,True,True,True,4,0,5,0.08,0.19811847771438568,poly,non-met,abs-conc,True,608,518,280,81f2da7e-a88f-11e9-9185-acde48001122,ac6c0a00-ce46-11e9-8a6e-acde48001122
pos,fruit is_juicy,cslb wn_hypernym,not_certain,0.6141464523,-,True,-,strawberry,strawberry,7232,True,True,True,2,0,3,0.1111111111111111,0.19746484452366805,poly,,abs-conc,True,610,539,,81f2dab0-a88f-11e9-81cc-acde48001122,ac71ed80-ce46-11e9-8a6e-acde48001122
pos,vegetable is_juicy,cslb wn_hypernym,not_certain,0.6615352898,,True,-,tomato,tomato,5831,True,True,True,2,0,2,0.21052631578947367,0.21052631578947367,poly,non-met,conc,True,662,574,,81f2dae2-a88f-11e9-ba39-acde48001122,ac72bcb0-ce46-11e9-8a6e-acde48001122
