label,certainty,sources_str,categories_str,cosine_centroid,manual_coarse_grained,space_selection,qumcrae_label,word,lemma,wiki_frequency,word_in_wn?,word_noun_in_wn?,word_noun_spacy?,n_navigli_clusters,n_onto_senses_n_v,n_wn_senses,min_wn_sim_wup,av_sim_wup,polysemy_type,mipvu,wn_abs_conc,filter,conc,fam,aoa,word_id,lemma_id
neg/pos,not_certain,wikipedia_sgns_model,neighbors-200,0.338538918,1,True,-,wiffle,wiffle,127,True,True,True,0,0,1,1.0,1.0,,,conc,True,,,,82181154-a88f-11e9-aa29-acde48001122,8217fac0-a88f-11e9-9adb-acde48001122
neg/pos,not_certain,wikipedia_sgns_model,neighbors-200,0.3385786638,-,True,-,polyurethane,polyurethane,1473,True,True,True,0,0,1,1.0,1.0,mon,,abs,True,,,,82181186-a88f-11e9-a1f5-acde48001122,ac6ed87a-ce46-11e9-8a6e-acde48001122
neg/pos,not_certain,wikipedia_sgns_model,neighbors-200,0.3385862537,-,True,-,alloy,alloy,11378,True,True,True,2,0,4,0.2222222222222222,0.25396825396825395,homonyms_only_different_pos,non-met,abs,True,,,,821811ae-a88f-11e9-ab3f-acde48001122,ac6036c6-ce46-11e9-8a6e-acde48001122
neg/pos,not_certain,wikipedia_sgns_model,neighbors-200,0.3386122912,-,True,-,pencil,pencil,6597,True,True,True,2,0,5,0.13333333333333333,0.27843137254901956,homonyms_only_different_pos,non-met,abs-conc,True,617,598,225,821811d8-a88f-11e9-8753-acde48001122,ac6e55a8-ce46-11e9-8a6e-acde48001122
neg/pos,not_certain,wikipedia_sgns_model,neighbors-200,0.3387165653,-,True,-,donkey,donkey,6794,True,True,True,1,0,2,0.07692307692307693,0.07692307692307693,poly,met,abs-conc,True,,,,821811f4-a88f-11e9-9f99-acde48001122,ac64206a-ce46-11e9-8a6e-acde48001122
neg/pos,not_certain,wikipedia_sgns_model,neighbors-200,0.3387786672,-,True,-,cloth,cloth,19826,True,True,True,0,0,1,1.0,1.0,poly,non-met,conc,True,580,561,,8218121c-a88f-11e9-994a-acde48001122,ac62717a-ce46-11e9-8a6e-acde48001122
neg/pos,not_certain,wikipedia_sgns_model,neighbors-200,0.3388672524,-,True,-,earthenware,earthenware,1525,True,True,False,0,0,1,1.0,1.0,mon,,conc,False,,,,82181246-a88f-11e9-bb0e-acde48001122,ac649c70-ce46-11e9-8a6e-acde48001122
neg/pos,not_certain,wikipedia_sgns_model,neighbors-200,0.3391134481,-,True,-,corkscrews,corkscrew,160,True,True,True,0,0,2,None,,poly,,conc,True,,,,82181262-a88f-11e9-ad5f-acde48001122,ac62f9ba-ce46-11e9-8a6e-acde48001122
neg/pos,not_certain,wikipedia_sgns_model,neighbors-200,0.3393537549,-,True,-,nozzle,nozzle,3221,True,True,True,1,0,2,0.2222222222222222,0.2222222222222222,mon,,conc,True,555,412,411,8218128a-a88f-11e9-a5d7-acde48001122,ac6d917c-ce46-11e9-8a6e-acde48001122
neg/pos,not_certain,wikipedia_sgns_model,neighbors-200,0.3394780396,-,True,-,fireplace,fireplace,5533,True,True,True,0,0,1,1.0,1.0,poly,,conc,True,592,529,,821812b4-a88f-11e9-979b-acde48001122,ac656e66-ce46-11e9-8a6e-acde48001122
neg/pos,not_certain,wikipedia_sgns_model,neighbors-200,0.3395513879,-,True,-,chamferboards,chamferboard,100,False,False,True,0,0,0,None,,,,-,False,,,,821812d0-a88f-11e9-90f2-acde48001122,8217fbf6-a88f-11e9-8fec-acde48001122
neg/pos,not_certain,wikipedia_sgns_model,neighbors-200,0.3395767804,-,True,-,saws,saw,1630,True,True,True,2,7,28,0.11764705882352941,0.27281347721068244,homonyms_also_same_pos,,abs-conc,True,,,,821812f8-a88f-11e9-81de-acde48001122,ac708a44-ce46-11e9-8a6e-acde48001122
neg/pos,not_certain,wikipedia_sgns_model,neighbors-200,0.3396464398,-,True,-,handrails,handrail,575,True,True,True,0,0,1,1.0,1.0,mon,non-met,conc,True,,,,8218131e-a88f-11e9-b93e-acde48001122,ac66a4f2-ce46-11e9-8a6e-acde48001122
neg/pos,not_certain,wikipedia_sgns_model,neighbors-200,0.3402462116,-,True,-,shafts,shaft,7014,True,True,True,5,0,14,0.10526315789473684,0.2907495541657147,homonyms_only_different_pos,,abs-conc,True,,,,8218133e-a88f-11e9-a5c5-acde48001122,ac70ec82-ce46-11e9-8a6e-acde48001122
neg/pos,not_certain,wikipedia_sgns_model,neighbors-200,0.3402542982,-,True,-,senton,senton,109,False,False,True,0,0,0,None,,,,-,False,,,,82181366-a88f-11e9-91e3-acde48001122,82180b1e-a88f-11e9-8cf9-acde48001122
neg/pos,not_certain,wikipedia_sgns_model,neighbors-200,0.3402876685,-,True,-,wagon,wagon,20104,True,True,True,1,0,5,0.4,0.6160505127553181,,non-met,conc-n,True,,443,,8218138c-a88f-11e9-8c82-acde48001122,ac73aee0-ce46-11e9-8a6e-acde48001122
neg/pos,not_certain,wikipedia_sgns_model,neighbors-200,0.3403471152,-,True,-,backboard,backboard,379,True,True,True,1,0,2,0.6666666666666666,0.6666666666666666,,,conc,True,,,,821813ac-a88f-11e9-819d-acde48001122,8217fdcc-a88f-11e9-af84-acde48001122
neg/pos,not_certain,wikipedia_sgns_model,neighbors-200,0.3404478246,-,True,-,plastic,plastic,39402,True,True,True,1,0,5,0.15384615384615385,0.15384615384615385,homonyms_only_different_pos,non-met,abs-conc,True,,,,821813d4-a88f-11e9-a1c4-acde48001122,ac6eb3a4-ce46-11e9-8a6e-acde48001122
neg/pos,not_certain,wikipedia_sgns_model,neighbors-200,0.3405354958,-,True,-,blepharomastix,blepharomastix,171,False,False,False,0,0,0,None,,,,-,False,,,,821813fa-a88f-11e9-8eae-acde48001122,8217fdfe-a88f-11e9-9d0b-acde48001122
neg/pos,not_certain,wikipedia_sgns_model,neighbors-200,0.3407819629,-,True,-,subframe,subframe,352,False,False,True,0,0,0,None,,,,-,False,,,,8218141a-a88f-11e9-83cc-acde48001122,821802f4-a88f-11e9-ba17-acde48001122
neg/pos,not_certain,wikipedia_sgns_model,neighbors-200,0.3409747449,-,True,-,manhole,manhole,687,True,True,True,0,0,1,1.0,1.0,mon,,conc,True,,,,82181442-a88f-11e9-8ee9-acde48001122,ac6c8958-ce46-11e9-8a6e-acde48001122
neg/pos,not_certain,wikipedia_sgns_model,neighbors-200,0.3411866055,-,True,-,tray,tray,2969,True,True,True,0,1,1,1.0,1.0,poly,non-met,conc,True,590,558,,82181468-a88f-11e9-88af-acde48001122,ac72e6a4-ce46-11e9-8a6e-acde48001122
neg/pos,not_certain,wikipedia_sgns_model,neighbors-200,0.3412018476,-,True,-,bearings,bearing,5541,True,True,True,4,0,20,0.11764705882352941,0.28998054915112703,poly,met,abs-conc,True,,,,82181488-a88f-11e9-8456-acde48001122,ac60ff16-ce46-11e9-8a6e-acde48001122
neg/pos,not_certain,wikipedia_sgns_model,neighbors-200,0.3412851425,-,True,-,chocks,chock,119,True,True,True,1,0,4,0.25,0.25,homonyms_only_different_pos,,conc,True,,,,821814b0-a88f-11e9-81d2-acde48001122,ac623778-ce46-11e9-8a6e-acde48001122
neg/pos,not_certain,wikipedia_sgns_model,neighbors-200,0.3420459248,-,True,-,tubing,tube,3901,True,True,False,6,10,9,0.1,0.2030257936507937,poly,non-met,abs-conc,False,,,,821814d8-a88f-11e9-998c-acde48001122,ac7309cc-ce46-11e9-8a6e-acde48001122
neg/pos,not_certain,wikipedia_sgns_model,neighbors-200,0.3421530818,-,True,-,urethane,urethane,383,True,True,True,0,0,1,1.0,1.0,,,abs,True,,,,821814f6-a88f-11e9-bc0b-acde48001122,8217ffd4-a88f-11e9-ba8d-acde48001122
neg/pos,not_certain,wikipedia_sgns_model,neighbors-200,0.3423761962,-,True,-,slab,slab,7156,True,True,True,0,0,1,1.0,1.0,poly,,conc,True,,,,8218151e-a88f-11e9-ac1b-acde48001122,ac714862-ce46-11e9-8a6e-acde48001122
neg/pos,not_certain,wikipedia_sgns_model,neighbors-200,0.34289395,-,True,-,piston,piston,10180,True,True,True,1,0,2,0.36363636363636365,0.36363636363636365,mon,non-met,conc-n,True,586,409,,82181546-a88f-11e9-8481-acde48001122,ac6ea85a-ce46-11e9-8a6e-acde48001122
neg/pos,not_certain,wikipedia_sgns_model,neighbors-200,0.342932781,-,True,-,eyelets,eyelet,159,True,True,True,1,0,2,0.5555555555555556,0.5555555555555556,mon,,conc,True,,,,82181564-a88f-11e9-a442-acde48001122,ac652596-ce46-11e9-8a6e-acde48001122
neg/pos,not_certain,wikipedia_sgns_model,neighbors-200,0.3429955916,-,True,-,sprocket,sprocket,1060,True,True,True,1,0,3,0.1,0.23127917833800185,poly,,abs-conc,True,,,,8218158c-a88f-11e9-9505-acde48001122,ac71ad66-ce46-11e9-8a6e-acde48001122
neg/pos,not_certain,wikipedia_sgns_model,neighbors-200,0.3437149434,-,True,-,recuperator,recuperator,116,False,False,True,0,0,0,None,,,,-,False,,,,821815b4-a88f-11e9-97c9-acde48001122,82180330-a88f-11e9-922f-acde48001122
neg/pos,not_certain,wikipedia_sgns_model,neighbors-200,0.3439516121,-,True,-,millstones,millstone,891,True,True,True,1,0,3,0.125,0.2916666666666667,poly,,abs-conc,True,,,,821815d2-a88f-11e9-bb5b-acde48001122,ac6ce362-ce46-11e9-8a6e-acde48001122
neg/pos,not_certain,wikipedia_sgns_model,neighbors-200,0.3439992785,-,True,-,dimpled,dimpled,145,True,False,False,0,0,2,0.18181818181818182,0.18181818181818182,,,-,False,,,,821815fa-a88f-11e9-9b50-acde48001122,821800c6-a88f-11e9-8859-acde48001122
neg/pos,not_certain,wikipedia_sgns_model,neighbors-200,0.3440135578,-,True,-,stainless,stainless,7759,True,True,False,0,0,2,None,,poly,non-met,abs,False,,,,82181622-a88f-11e9-b58e-acde48001122,ac71b9d2-ce46-11e9-8a6e-acde48001122
neg/pos,not_certain,wikipedia_sgns_model,neighbors-200,0.3441251386,-,True,-,boiler,boiler,12926,True,True,True,1,0,2,0.8421052631578947,0.8421052631578947,poly,,conc,True,,,,8218164a-a88f-11e9-a205-acde48001122,ac61597a-ce46-11e9-8a6e-acde48001122
neg/pos,not_certain,wikipedia_sgns_model,neighbors-200,0.344352216,-,True,-,wheelbarrow,wheelbarrow,537,True,True,True,0,0,2,None,,mon,,conc,True,,,,82181668-a88f-11e9-a649-acde48001122,ac73e612-ce46-11e9-8a6e-acde48001122
neg/pos,not_certain,wikipedia_sgns_model,neighbors-200,0.3444571557,-,True,-,propeller,propeller,11428,True,True,True,0,0,1,1.0,1.0,mon,,conc,True,593,491,,82181690-a88f-11e9-be67-acde48001122,ac6f3c52-ce46-11e9-8a6e-acde48001122
neg/pos,not_certain,wikipedia_sgns_model,neighbors-200,0.3447963071,-,True,-,subframes,subframe,100,False,False,True,0,0,0,None,,,,-,False,,,,821816b8-a88f-11e9-acc8-acde48001122,821802f4-a88f-11e9-ba17-acde48001122
neg/pos,not_certain,wikipedia_sgns_model,neighbors-200,0.3453808605,-,True,-,radiator,radiator,3970,True,True,True,1,0,3,0.5333333333333333,0.6148148148148148,poly,,conc,True,,,,821816d8-a88f-11e9-8c22-acde48001122,ac6f9602-ce46-11e9-8a6e-acde48001122
neg/pos,not_certain,wikipedia_sgns_model,neighbors-200,0.3453814114,-,True,-,grooved,groove,1473,True,True,False,3,0,5,0.13333333333333333,0.17787114845938373,homonyms_only_different_pos,,abs-conc,False,,,,821816fe-a88f-11e9-969d-acde48001122,ac667180-ce46-11e9-8a6e-acde48001122
neg/pos,not_certain,wikipedia_sgns_model,neighbors-200,0.3454908741,-,True,-,caber,caber,112,True,True,True,0,0,1,1.0,1.0,poly,,conc,True,,,,8218171c-a88f-11e9-a3e2-acde48001122,ac61c00e-ce46-11e9-8a6e-acde48001122
neg/pos,not_certain,wikipedia_sgns_model,neighbors-200,0.3456523846,-,True,-,rifling,rifling,1137,True,True,True,0,0,3,0.2857142857142857,0.2857142857142857,mon,,abs,True,,,,82181746-a88f-11e9-b7a2-acde48001122,ac7027fc-ce46-11e9-8a6e-acde48001122
neg/pos,not_certain,wikipedia_sgns_model,neighbors-200,0.3457366294,-,True,-,pin,pin,22609,True,True,True,6,5,15,0.10526315789473684,0.30658129829702685,homonyms_only_different_pos,non-met,abs-conc,True,600,524,261,8218176c-a88f-11e9-9d63-acde48001122,ac6e9e8c-ce46-11e9-8a6e-acde48001122
neg/pos,not_certain,wikipedia_sgns_model,neighbors-200,0.3459713459,-,True,-,sliding,slide,8962,True,True,False,5,14,10,0.10526315789473684,0.27753938563729585,homonyms_only_different_pos,met non-met,abs-conc,False,,,,8218178a-a88f-11e9-a921-acde48001122,ac7151a4-ce46-11e9-8a6e-acde48001122
neg/pos,not_certain,wikipedia_sgns_model,neighbors-200,0.3460713957,-,True,-,noseband,noseband,169,True,True,True,0,0,1,1.0,1.0,,,conc,True,,,,821817b4-a88f-11e9-b317-acde48001122,8217fd06-a88f-11e9-9009-acde48001122
neg/pos,not_certain,wikipedia_sgns_model,neighbors-200,0.3461347587,-,True,-,ropes,rope,7445,True,True,True,2,0,4,0.18181818181818182,0.2159090909090909,homonyms_only_different_pos,,conc,True,,,,821817da-a88f-11e9-9415-acde48001122,ac704692-ce46-11e9-8a6e-acde48001122
neg/pos,not_certain,wikipedia_sgns_model,neighbors-200,0.3463828704,-,True,-,swashplate,swashplate,119,False,False,True,0,0,0,None,,,,-,False,,,,82181802-a88f-11e9-a343-acde48001122,821803ee-a88f-11e9-8e3c-acde48001122
neg/pos,not_certain,wikipedia_sgns_model,neighbors-200,0.3463879065,-,True,-,wheeled,wheel,6142,True,True,False,3,4,11,0.10526315789473684,0.4312622680355737,homonyms_only_different_pos,met non-met,abs-conc,False,,,,82181828-a88f-11e9-988b-acde48001122,ac73e5ae-ce46-11e9-8a6e-acde48001122
neg/pos,not_certain,wikipedia_sgns_model,neighbors-200,0.3464785992,-,True,-,headstock,headstock,815,True,True,True,0,0,1,1.0,1.0,,,conc,True,,,,82181848-a88f-11e9-8c13-acde48001122,8217fdae-a88f-11e9-963b-acde48001122
neg/pos,not_certain,wikipedia_sgns_model,neighbors-200,0.3466893265,-,True,-,flange,flange,1472,True,True,False,0,0,1,1.0,1.0,mon,,conc,False,,,,82181870-a88f-11e9-892e-acde48001122,ac657cb2-ce46-11e9-8a6e-acde48001122
neg/pos,not_certain,wikipedia_sgns_model,neighbors-200,0.3467815156,-,True,-,surfboard,surfboard,846,True,True,True,0,0,2,None,,mon,,conc,True,,,,8218188c-a88f-11e9-95a9-acde48001122,ac722872-ce46-11e9-8a6e-acde48001122
neg/pos,not_certain,wikipedia_sgns_model,neighbors-200,0.3469468742,-,True,-,carabiner,carabiner,157,True,True,True,0,0,1,1.0,1.0,,,conc,True,,,,821818b6-a88f-11e9-8556-acde48001122,8217fc3a-a88f-11e9-8953-acde48001122
neg/pos,not_certain,wikipedia_sgns_model,neighbors-200,0.3472399755,-,True,-,projectile,projectile,5511,True,True,True,1,3,3,0.631578947368421,0.631578947368421,homonyms_only_different_pos,,conc,True,532,347,597,821818de-a88f-11e9-81cc-acde48001122,ac6f3518-ce46-11e9-8a6e-acde48001122
neg/pos,not_certain,wikipedia_sgns_model,neighbors-200,0.3474087622,-,True,-,dowels,dowel,189,True,True,True,0,0,1,1.0,1.0,mon,,conc,True,,,,821818fa-a88f-11e9-b423-acde48001122,ac643fbe-ce46-11e9-8a6e-acde48001122
neg/pos,not_certain,wikipedia_sgns_model,neighbors-200,0.3474322924,-,True,-,windowpane,windowpane,105,True,True,True,2,0,2,0.3076923076923077,0.3076923076923077,mon,,conc,True,,,,82181924-a88f-11e9-b93f-acde48001122,ac7402e6-ce46-11e9-8a6e-acde48001122
neg/pos,not_certain,wikipedia_sgns_model,neighbors-200,0.3474656125,-,True,-,hammer,hammer,23090,True,True,True,3,4,10,0.08695652173913043,0.4049289435938216,homonyms_only_different_pos,met non-met,abs-conc,True,605,515,278,8218194c-a88f-11e9-8463-acde48001122,ac669e1c-ce46-11e9-8a6e-acde48001122
neg/pos,not_certain,wikipedia_sgns_model,neighbors-200,0.3474791367,-,True,-,provolone,provolone,107,False,False,True,0,0,0,None,,,,-,False,,,,82181968-a88f-11e9-ac5b-acde48001122,82180588-a88f-11e9-ab7f-acde48001122
neg/pos,not_certain,wikipedia_sgns_model,neighbors-200,0.3475059907,-,True,-,nut,nut,7680,True,True,True,5,0,8,0.09523809523809523,0.24038799464496055,homonyms_only_different_pos,met,abs-conc-n,True,,,,82181992-a88f-11e9-9ac1-acde48001122,ac6d97da-ce46-11e9-8a6e-acde48001122
neg/pos,not_certain,wikipedia_sgns_model,neighbors-200,0.3475872577,-,True,-,windscreen,windscreen,1910,True,True,True,0,0,1,1.0,1.0,mon,non-met,conc,True,,,,821819ba-a88f-11e9-8479-acde48001122,ac74032c-ce46-11e9-8a6e-acde48001122
neg/pos,not_certain,wikipedia_sgns_model,neighbors-200,0.3477673449,-,True,-,shovel,shovel,2543,True,True,True,1,0,5,0.125,0.4044590643274853,homonyms_only_different_pos,non-met,abs-conc,True,581,528,,821819d8-a88f-11e9-bb7b-acde48001122,ac710f6e-ce46-11e9-8a6e-acde48001122
neg/pos,not_certain,wikipedia_sgns_model,neighbors-200,0.3480085696,-,True,-,z06,z06,177,False,False,True,0,0,0,None,,,,-,False,,,,82181a00-a88f-11e9-92ff-acde48001122,8218013a-a88f-11e9-bbbc-acde48001122
neg/pos,not_certain,wikipedia_sgns_model,neighbors-200,0.3481267031,-,True,-,kiln,kiln,3934,True,True,True,0,0,1,1.0,1.0,mon,,conc,True,,,,82181a28-a88f-11e9-ad54-acde48001122,ac681ea4-ce46-11e9-8a6e-acde48001122
neg/pos,not_certain,wikipedia_sgns_model,neighbors-200,0.3483294856,-,True,-,buckets,bucket,2181,True,True,True,2,0,4,0.13333333333333333,0.19166666666666665,homonyms_only_different_pos,,abs-conc,True,,,,82181a50-a88f-11e9-ac22-acde48001122,ac619fe8-ce46-11e9-8a6e-acde48001122
neg/pos,not_certain,wikipedia_sgns_model,neighbors-200,0.3484082015,-,True,-,crankshaft,crankshaft,2932,True,True,True,0,0,1,1.0,1.0,mon,,conc,True,,,,82181a78-a88f-11e9-8204-acde48001122,ac631e04-ce46-11e9-8a6e-acde48001122
neg/pos,not_certain,wikipedia_sgns_model,neighbors-200,0.3484189829,-,True,-,handguards,handguard,101,False,False,True,0,0,0,None,,,,-,False,,,,82181a98-a88f-11e9-9d3f-acde48001122,82180a2e-a88f-11e9-99f0-acde48001122
neg/pos,not_certain,wikipedia_sgns_model,neighbors-200,0.3484855429,-,True,-,grindstones,grindstone,135,True,True,True,0,0,1,1.0,1.0,poly,,conc,True,,,,82181abe-a88f-11e9-8fc8-acde48001122,ac666e7e-ce46-11e9-8a6e-acde48001122
neg/pos,not_certain,wikipedia_sgns_model,neighbors-200,0.3485353352,-,True,-,firebox,firebox,1690,True,True,True,0,0,1,1.0,1.0,poly,,conc,True,,,,82181ae6-a88f-11e9-b6c7-acde48001122,ac656d1c-ce46-11e9-8a6e-acde48001122
neg/pos,not_certain,wikipedia_sgns_model,neighbors-200,0.3486408363,-,True,-,spindle,spindle,4527,True,True,True,2,0,5,0.23529411764705882,0.4253074144637613,poly,non-met,abs-conc,True,,,,82181b06-a88f-11e9-aa03-acde48001122,ac719e02-ce46-11e9-8a6e-acde48001122
neg/pos,not_certain,wikipedia_sgns_model,neighbors-200,0.3496035204,-,True,-,horseshoes,horseshoe,763,True,True,True,1,0,3,0.5263157894736842,0.5263157894736842,poly,,conc,True,,,,82181b2c-a88f-11e9-8a16-acde48001122,ac671bbc-ce46-11e9-8a6e-acde48001122
neg/pos,not_certain,wikipedia_sgns_model,neighbors-200,0.3496088968,-,True,-,headboard,headboard,184,True,True,True,0,0,1,1.0,1.0,mon,,conc,True,,,,82181b54-a88f-11e9-8173-acde48001122,ac66c612-ce46-11e9-8a6e-acde48001122
neg/pos,not_certain,wikipedia_sgns_model,neighbors-200,0.3500101363,-,True,-,preheated,preheat,154,True,False,False,0,0,1,1.0,1.0,mon,,-,False,,,,82181b74-a88f-11e9-bb98-acde48001122,ac6f093a-ce46-11e9-8a6e-acde48001122
neg/pos,not_certain,wikipedia_sgns_model,neighbors-200,0.3501734145,-,True,-,spoked,spoked,583,False,False,False,0,0,0,None,,,,-,False,,,,82181b9a-a88f-11e9-98da-acde48001122,8218045c-a88f-11e9-92c4-acde48001122
neg/pos,not_certain,wikipedia_sgns_model,neighbors-200,0.3504809111,-,True,-,pegs,peg,1653,True,True,True,5,6,10,0.1111111111111111,0.3273818618356434,homonyms_only_different_pos,non-met,abs-conc,True,,,,82181bc2-a88f-11e9-9637-acde48001122,ac6e5198-ce46-11e9-8a6e-acde48001122
neg/pos,not_certain,wikipedia_sgns_model,neighbors-200,0.3514609809,-,True,-,paint,paint,37795,True,True,True,4,13,7,0.2222222222222222,0.30886243386243384,homonyms_only_different_pos,met non-met,abs-conc,True,577,551,,82181be2-a88f-11e9-9b46-acde48001122,ac6e0daa-ce46-11e9-8a6e-acde48001122
neg/pos,not_certain,wikipedia_sgns_model,neighbors-200,0.3517490897,-,True,-,skis,ski,2702,True,True,True,0,0,2,None,,homonyms_only_different_pos,,conc,True,,,,82181c08-a88f-11e9-931c-acde48001122,ac713796-ce46-11e9-8a6e-acde48001122
neg/pos,not_certain,wikipedia_sgns_model,neighbors-200,0.351911694,-,True,-,blade,blade,24836,True,True,True,4,0,9,0.21052631578947367,0.38687090820733744,poly,non-met,conc,True,584,517,344,82181c30-a88f-11e9-87dd-acde48001122,ac613abc-ce46-11e9-8a6e-acde48001122
neg/pos,not_certain,wikipedia_sgns_model,neighbors-200,0.3519875642,-,True,-,breechblock,breechblock,208,True,True,True,0,0,1,1.0,1.0,,,conc,True,,,,82181c4c-a88f-11e9-8f46-acde48001122,821803d0-a88f-11e9-ada7-acde48001122
neg/pos,not_certain,wikipedia_sgns_model,neighbors-200,0.3527119706,-,True,-,corselet,corselet,104,True,True,False,0,0,1,1.0,1.0,homonyms_also_same_pos,,conc,False,,,,82181c76-a88f-11e9-a54d-acde48001122,ac63028e-ce46-11e9-8a6e-acde48001122
neg/pos,not_certain,wikipedia_sgns_model,neighbors-200,0.3527716485,-,True,-,lamps,lamp,11389,True,True,True,1,0,2,0.6666666666666666,0.6666666666666666,poly,non-met,conc,True,,,,82181c9e-a88f-11e9-a220-acde48001122,ac683cc2-ce46-11e9-8a6e-acde48001122
neg/pos,not_certain,wikipedia_sgns_model,neighbors-200,0.3531489669,-,True,-,acrylic,acrylic,3330,True,True,True,2,0,4,0.23529411764705882,0.49893790849673203,,,abs-conc,True,,,,82181cba-a88f-11e9-9659-acde48001122,82180062-a88f-11e9-98d6-acde48001122
neg/pos,not_certain,wikipedia_sgns_model,neighbors-200,0.3532129412,-,True,-,vaporizer,vaporizer,152,True,True,True,0,0,1,1.0,1.0,,,conc,True,,,,82181ce4-a88f-11e9-a7cc-acde48001122,8217fa7a-a88f-11e9-9de5-acde48001122
neg/pos,not_certain,wikipedia_sgns_model,neighbors-200,0.3536629468,-,True,-,airscrew,airscrew,118,True,True,False,0,0,1,1.0,1.0,,,conc,False,,,,82181d02-a88f-11e9-a362-acde48001122,82180434-a88f-11e9-894f-acde48001122
neg/pos,not_certain,wikipedia_sgns_model,neighbors-200,0.3537626777,-,True,-,ferrule,ferrule,162,True,True,True,0,0,1,1.0,1.0,mon,,conc,True,,,,82181d28-a88f-11e9-b859-acde48001122,ac6551e2-ce46-11e9-8a6e-acde48001122
neg/pos,not_certain,wikipedia_sgns_model,neighbors-200,0.3540790619,-,True,-,casing,case,3733,True,True,False,8,15,22,0.1,0.27221372264326904,homonyms_also_same_pos,met non-met,abs-conc,False,,,,82181d52-a88f-11e9-8edf-acde48001122,ac61f10a-ce46-11e9-8a6e-acde48001122
neg/pos,not_certain,wikipedia_sgns_model,neighbors-200,0.3540890417,-,True,-,cart,cart,10134,True,True,True,2,0,4,0.25,0.5059523809523809,homonyms_only_different_pos,,conc,True,576,454,258,82181d70-a88f-11e9-a5bf-acde48001122,ac61ee58-ce46-11e9-8a6e-acde48001122
neg/pos,not_certain,wikipedia_sgns_model,neighbors-200,0.3541028029,-,True,-,braking,brake,6666,True,True,False,4,1,7,0.1111111111111111,0.38213957759412304,homonyms_also_same_pos,non-met,abs-conc,False,,,,82181d98-a88f-11e9-9274-acde48001122,ac617cac-ce46-11e9-8a6e-acde48001122
neg/pos,not_certain,wikipedia_sgns_model,neighbors-200,0.3541663792,-,True,-,bead,bead,2579,True,True,True,4,3,6,0.125,0.2690359477124183,homonyms_only_different_pos,,abs-conc,True,,,,82181dc0-a88f-11e9-a970-acde48001122,ac60fbec-ce46-11e9-8a6e-acde48001122
neg/pos,not_certain,wikipedia_sgns_model,neighbors-200,0.3542146681,-,True,-,calathus,calathus,169,False,False,False,0,0,0,None,,,,-,False,,,,82181dde-a88f-11e9-9dda-acde48001122,821805a6-a88f-11e9-bf4c-acde48001122
neg/pos,not_certain,wikipedia_sgns_model,neighbors-200,0.3545288844,-,True,-,railing,rail,1863,True,True,False,7,7,15,0.08333333333333333,0.2361229679411496,homonyms_also_same_pos,non-met,abs-conc,False,,,,82181e06-a88f-11e9-9c4d-acde48001122,ac6f9b34-ce46-11e9-8a6e-acde48001122
neg/pos,not_certain,wikipedia_sgns_model,neighbors-200,0.3547761664,-,True,-,marbles,marble,2365,True,True,True,2,0,4,0.23529411764705882,0.3284313725490196,poly,met non-met,abs-conc,True,,,,82181e24-a88f-11e9-865d-acde48001122,ac6c911e-ce46-11e9-8a6e-acde48001122
neg/pos,not_certain,wikipedia_sgns_model,neighbors-200,0.3550107095,-,True,-,sideways,sideways,3955,True,False,False,1,0,5,None,,poly,non-met,-,False,,,,82181e4c-a88f-11e9-b30e-acde48001122,ac711d06-ce46-11e9-8a6e-acde48001122
neg/pos,not_certain,wikipedia_sgns_model,neighbors-200,0.3550181586,-,True,-,chimney,chimney,9203,True,True,True,2,0,2,0.9,0.9,poly,non-met,conc,True,,479,,82181e74-a88f-11e9-bf90-acde48001122,ac62325a-ce46-11e9-8a6e-acde48001122
neg/pos,not_certain,wikipedia_sgns_model,neighbors-200,0.3553553208,-,True,-,stick,stick,24559,True,True,False,11,22,25,0.10526315789473684,0.27634749509749484,homonyms_also_same_pos,met non-met,abs-conc,False,604,528,,82181e92-a88f-11e9-bdb8-acde48001122,ac71d49e-ce46-11e9-8a6e-acde48001122
neg/pos,not_certain,wikipedia_sgns_model,neighbors-200,0.3559738814,-,True,-,facelock,facelock,185,False,False,True,0,0,0,None,,,,-,False,,,,82181eba-a88f-11e9-b05c-acde48001122,8217f840-a88f-11e9-913e-acde48001122
neg/pos,not_certain,wikipedia_sgns_model,neighbors-200,0.3561536321,-,True,-,wheelies,wheelie,202,False,False,True,0,0,0,None,,,,-,False,,,,82181ee2-a88f-11e9-91a5-acde48001122,82180902-a88f-11e9-97a1-acde48001122
neg/pos,not_certain,wikipedia_sgns_model,neighbors-200,0.3562784239,-,True,-,windshield,windshield,2820,True,True,True,0,0,1,1.0,1.0,poly,,conc,True,,,,82181f0a-a88f-11e9-9fcc-acde48001122,ac740354-ce46-11e9-8a6e-acde48001122
neg/pos,not_certain,wikipedia_sgns_model,neighbors-200,0.3563374723,-,True,-,crank,crank,3727,True,True,False,5,5,10,0.2,0.30786064425770315,homonyms_only_different_pos,,conc,False,448,475,,82181f3a-a88f-11e9-ab82-acde48001122,ac631df0-ce46-11e9-8a6e-acde48001122
neg/pos,not_certain,wikipedia_sgns_model,neighbors-200,0.3565409063,-,True,-,wastegate,wastegate,194,False,False,True,0,0,0,None,,,,-,False,,,,82181f78-a88f-11e9-9963-acde48001122,8217fe80-a88f-11e9-98e1-acde48001122
neg/pos,not_certain,wikipedia_sgns_model,neighbors-200,0.3570205506,-,True,-,frontstretch,frontstretch,109,False,False,True,0,0,0,None,,,,-,False,,,,82181fa8-a88f-11e9-815c-acde48001122,821807f4-a88f-11e9-8d08-acde48001122
neg/pos,not_certain,wikipedia_sgns_model,neighbors-200,0.357024496,-,True,-,tappets,tappet,169,True,True,True,0,0,1,1.0,1.0,mon,,conc,True,,,,82181ff0-a88f-11e9-8b88-acde48001122,ac725e3c-ce46-11e9-8a6e-acde48001122
neg/pos,not_certain,wikipedia_sgns_model,neighbors-200,0.3571717172,-,True,-,mandrel,mandrel,373,True,True,True,0,0,1,1.0,1.0,,,conc,True,,,,8218202c-a88f-11e9-83ab-acde48001122,8218081c-a88f-11e9-95f4-acde48001122
neg/pos,not_certain,wikipedia_sgns_model,neighbors-200,0.3578523402,-,True,-,washers,washer,837,True,True,True,2,0,3,0.38095238095238093,0.40524499654934437,poly,,conc,True,,,,82182068-a88f-11e9-ab7e-acde48001122,ac73c128-ce46-11e9-8a6e-acde48001122
neg/pos,not_certain,wikipedia_sgns_model,neighbors-200,0.3589593686,-,True,-,car,car,294557,True,True,True,1,4,5,0.47619047619047616,0.6434791524265209,poly,non-met,conc,True,622,634,197,821820ae-a88f-11e9-ba06-acde48001122,ac61e142-ce46-11e9-8a6e-acde48001122
neg/pos,not_certain,wikipedia_sgns_model,neighbors-200,0.3594995323,-,True,-,bushing,bushing,340,True,True,True,1,0,3,0.25,0.25,,,abs-conc,True,,,,821820f4-a88f-11e9-8a6e-acde48001122,8217fe3a-a88f-11e9-9a3e-acde48001122
neg/pos,not_certain,wikipedia_sgns_model,neighbors-200,0.3597065881,-,True,-,bricks,brick,11731,True,True,True,2,0,2,0.5,0.5,poly,non-met,conc,True,,,,8218213a-a88f-11e9-8324-acde48001122,ac618b3e-ce46-11e9-8a6e-acde48001122
neg/pos,not_certain,wikipedia_sgns_model,neighbors-200,0.359788602,-,True,-,flywheel,flywheel,1606,True,True,True,0,0,1,1.0,1.0,mon,,conc,True,,,,821822c0-a88f-11e9-9050-acde48001122,ac659706-ce46-11e9-8a6e-acde48001122
neg/pos,not_certain,wikipedia_sgns_model,neighbors-200,0.3601759132,-,True,-,leather,leather,24509,True,True,True,0,0,2,None,,homonyms_only_different_pos,non-met,abs,True,575,571,,82182338-a88f-11e9-8640-acde48001122,ac6bfe5c-ce46-11e9-8a6e-acde48001122
neg/pos,not_certain,wikipedia_sgns_model,neighbors-200,0.3608614606,-,True,-,quoits,quoit,154,True,True,True,0,0,1,1.0,1.0,mon,,conc,True,,,,8218237e-a88f-11e9-b0c9-acde48001122,ac6f8f40-ce46-11e9-8a6e-acde48001122
neg/pos,not_certain,wikipedia_sgns_model,neighbors-200,0.3626810504,-,True,-,backrest,backrest,182,True,True,False,0,0,1,1.0,1.0,,,conc,False,,,,821823c6-a88f-11e9-8697-acde48001122,82180418-a88f-11e9-8130-acde48001122
neg/pos,not_certain,wikipedia_sgns_model,neighbors-200,0.363042826,-,True,-,detent,detent,180,True,True,False,0,0,1,1.0,1.0,,,conc,False,,,,8218240a-a88f-11e9-8f43-acde48001122,82180614-a88f-11e9-a703-acde48001122
neg/pos,not_certain,wikipedia_sgns_model,neighbors-200,0.3635711919,-,True,-,kickflip,kickflip,133,False,False,False,0,0,0,None,,,,-,False,,,,82182446-a88f-11e9-a828-acde48001122,82180f1a-a88f-11e9-9549-acde48001122
neg/pos,not_certain,wikipedia_sgns_model,neighbors-200,0.3636738018,-,True,-,lever,lever,9979,True,True,True,1,0,4,0.5,0.5518518518518518,homonyms_only_different_pos,met,conc,True,572,518,,82182482-a88f-11e9-8bd1-acde48001122,ac6c12ac-ce46-11e9-8a6e-acde48001122
neg/pos,not_certain,wikipedia_sgns_model,neighbors-200,0.3653214812,-,True,-,cartridge,cartridge,14849,True,True,True,1,0,4,0.3333333333333333,0.47967171717171714,poly,,conc,True,,,,821824be-a88f-11e9-88d8-acde48001122,ac61ef84-ce46-11e9-8a6e-acde48001122
neg/pos,not_certain,wikipedia_sgns_model,neighbors-200,0.3657669611,-,True,-,pavement,pavement,6182,True,True,True,1,0,3,0.5555555555555556,0.6296296296296297,poly,non-met,conc,True,,,,82182506-a88f-11e9-9d97-acde48001122,ac6e416c-ce46-11e9-8a6e-acde48001122
neg/pos,not_certain,wikipedia_sgns_model,neighbors-200,0.3661299112,-,True,-,bucket,bucket,7172,True,True,True,2,0,4,0.13333333333333333,0.19166666666666665,homonyms_only_different_pos,,abs-conc,True,594,506,,8218254a-a88f-11e9-94af-acde48001122,ac619fe8-ce46-11e9-8a6e-acde48001122
neg/pos,not_certain,wikipedia_sgns_model,neighbors-200,0.3661518675,-,True,-,traxxas,traxxa,276,False,False,True,0,0,0,None,,,,-,False,,,,82182586-a88f-11e9-9d65-acde48001122,82180376-a88f-11e9-b569-acde48001122
neg/pos,not_certain,wikipedia_sgns_model,neighbors-200,0.3664075532,-,True,-,tub,tub,2954,True,True,True,1,0,3,0.13333333333333333,0.38518518518518513,poly,non-met,abs-conc,True,,,,821825cc-a88f-11e9-9ef3-acde48001122,ac730968-ce46-11e9-8a6e-acde48001122
neg/pos,not_certain,wikipedia_sgns_model,neighbors-200,0.3667562922,-,True,-,jackshaft,jackshaft,129,False,False,True,0,0,0,None,,,,-,False,,,,82182612-a88f-11e9-ac1a-acde48001122,82180e02-a88f-11e9-b1e8-acde48001122
neg/pos,not_certain,wikipedia_sgns_model,neighbors-200,0.3670938178,-,True,-,tile,tile,9920,True,True,True,1,0,4,0.5555555555555556,0.5787037037037037,homonyms_only_different_pos,,conc,True,,,,82182658-a88f-11e9-b228-acde48001122,ac72a996-ce46-11e9-8a6e-acde48001122
neg/pos,not_certain,wikipedia_sgns_model,neighbors-200,0.3676394853,-,True,-,paddle,paddle,6178,True,True,True,3,5,10,0.2,0.351438480761789,homonyms_also_same_pos,,conc,True,,,,82182694-a88f-11e9-9edf-acde48001122,ac6e0a12-ce46-11e9-8a6e-acde48001122
neg/pos,not_certain,wikipedia_sgns_model,neighbors-200,0.3677686081,-,True,-,shoes,shoe,21972,True,True,True,2,0,5,0.5263157894736842,0.5937392500859993,homonyms_only_different_pos,non-met,conc,True,,,,821826d0-a88f-11e9-bd59-acde48001122,ac71042e-ce46-11e9-8a6e-acde48001122
pos,certain,manually_included,pos,0.3679534373,-,True,-,pen,pen,27842,True,True,True,4,0,6,0.3333333333333333,0.5124242424242424,homonyms_also_same_pos,non-met,conc,True,571,554,,8218270c-a88f-11e9-a3a3-acde48001122,ac6e53fa-ce46-11e9-8a6e-acde48001122
neg/pos,not_certain,wikipedia_sgns_model,neighbors-200,0.3681095529,-,True,-,baseplate,baseplate,202,False,False,True,0,0,0,None,,,,-,False,,,,821827d4-a88f-11e9-9979-acde48001122,8217f8ae-a88f-11e9-a6c6-acde48001122
neg/pos,not_certain,wikipedia_sgns_model,neighbors-200,0.36817811,-,True,-,wrenches,wrench,385,True,True,True,3,5,7,0.1,0.18455799828348848,homonyms_only_different_pos,met,abs-conc,True,,,,8218281a-a88f-11e9-a092-acde48001122,ac74246a-ce46-11e9-8a6e-acde48001122
neg/pos,not_certain,wikipedia_sgns_model,neighbors-200,0.3682648243,-,True,-,driveshaft,driveshaft,531,True,True,True,0,0,1,1.0,1.0,,,conc,True,,,,82182868-a88f-11e9-925b-acde48001122,821800ec-a88f-11e9-b300-acde48001122
neg/pos,not_certain,wikipedia_sgns_model,neighbors-200,0.3684114164,-,True,-,pulleys,pulley,904,True,True,True,0,0,1,1.0,1.0,mon,,conc,True,,,,8218293a-a88f-11e9-986c-acde48001122,ac6f5dfe-ce46-11e9-8a6e-acde48001122
neg/pos,not_certain,wikipedia_sgns_model,neighbors-200,0.3686784303,-,True,-,rails,rail,13497,True,True,True,7,7,15,0.08333333333333333,0.2361229679411496,homonyms_also_same_pos,non-met,abs-conc,True,,,,82182982-a88f-11e9-8838-acde48001122,ac6f9b34-ce46-11e9-8a6e-acde48001122
neg/pos,not_certain,wikipedia_sgns_model,neighbors-200,0.3693765431,-,True,-,bumper,bumper,5542,True,True,True,2,0,2,0.631578947368421,0.631578947368421,homonyms_also_same_pos,,conc,True,,,,821829be-a88f-11e9-be2c-acde48001122,ac61aaba-ce46-11e9-8a6e-acde48001122
neg/pos,not_certain,wikipedia_sgns_model,neighbors-200,0.3694252132,-,True,-,gearshift,gearshift,213,True,True,True,0,0,1,1.0,1.0,,,conc,True,,,,821829fa-a88f-11e9-9275-acde48001122,82180c18-a88f-11e9-b4a4-acde48001122
neg/pos,not_certain,wikipedia_sgns_model,neighbors-200,0.3696203862,-,True,-,candles,candle,5465,True,True,True,2,0,3,0.10526315789473684,0.10526315789473684,poly,non-met,abs-conc,True,,,,82182a40-a88f-11e9-a8ca-acde48001122,ac61d670-ce46-11e9-8a6e-acde48001122
neg,certain,manually_included,neg,0.3698792004,-,True,-,pins,pin,8389,True,True,True,6,5,15,0.10526315789473684,0.30658129829702685,homonyms_only_different_pos,non-met,abs-conc,True,,,,82182a7a-a88f-11e9-8b0b-acde48001122,ac6e9e8c-ce46-11e9-8a6e-acde48001122
neg/pos,not_certain,wikipedia_sgns_model,neighbors-200,0.370133728,-,True,-,spinning,spin,12915,True,True,False,5,15,13,0.16666666666666666,0.26867617414769035,homonyms_only_different_pos,non-met,abs,False,,,,82182ac2-a88f-11e9-b72c-acde48001122,ac719d44-ce46-11e9-8a6e-acde48001122
neg/pos,not_certain,wikipedia_sgns_model,neighbors-200,0.3705978325,-,True,-,decklid,decklid,137,False,False,True,0,0,0,None,,,,-,False,,,,82182afe-a88f-11e9-9940-acde48001122,8217ff0c-a88f-11e9-bfff-acde48001122
neg/pos,not_certain,wikipedia_sgns_model,neighbors-200,0.3708575887,-,True,-,bolt,bolt,14170,True,True,True,7,5,16,0.09523809523809523,0.25725955453951904,homonyms_also_same_pos,non-met,abs-conc,True,556,466,369,82182b46-a88f-11e9-a951-acde48001122,ac615bfa-ce46-11e9-8a6e-acde48001122
neg/pos,not_certain,wikipedia_sgns_model,neighbors-200,0.3715419455,-,True,-,axles,axle,4065,True,True,True,0,1,1,1.0,1.0,mon,,conc,True,,,,82182b80-a88f-11e9-8dcf-acde48001122,ac60bfb0-ce46-11e9-8a6e-acde48001122
neg/pos,not_certain,wikipedia_sgns_model,neighbors-200,0.3721377341,-,True,-,callipers,calliper,112,True,True,True,0,0,2,None,,mon,,conc,True,,,,82182bba-a88f-11e9-9829-acde48001122,ac61cc16-ce46-11e9-8a6e-acde48001122
neg/pos,not_certain,wikipedia_sgns_model,neighbors-200,0.3724486873,-,True,-,handlebars,handlebar,908,True,True,True,0,0,1,1.0,1.0,,,conc,True,,,,82182bf8-a88f-11e9-9964-acde48001122,8217fb06-a88f-11e9-8cc7-acde48001122
neg/pos,not_certain,wikipedia_sgns_model,neighbors-200,0.3739636041,-,True,-,glass,glass,102855,True,True,True,5,7,12,0.09523809523809523,0.28231416339163223,poly,non-met,abs-conc,True,635,611,,82182c3e-a88f-11e9-834f-acde48001122,ac663418-ce46-11e9-8a6e-acde48001122
neg/pos,not_certain,wikipedia_sgns_model,neighbors-200,0.374468752,-,True,-,drawstring,drawstr,120,False,False,False,0,0,0,None,,,,-,False,,,,82182c7a-a88f-11e9-9e95-acde48001122,8218015a-a88f-11e9-a057-acde48001122
neg/pos,not_certain,wikipedia_sgns_model,neighbors-200,0.3748454169,-,True,-,plaster,plaster,9863,True,True,True,4,4,11,0.21052631578947367,0.356328566514325,homonyms_only_different_pos,non-met,abs-conc,True,,,,82182cc0-a88f-11e9-b62e-acde48001122,ac6eb2f0-ce46-11e9-8a6e-acde48001122
neg/pos,not_certain,wikipedia_sgns_model,neighbors-200,0.3748531073,-,True,-,crosshead,crosshead,205,True,True,True,0,0,2,0.11764705882352941,0.11764705882352941,,,abs-conc,True,,,,82182cfa-a88f-11e9-b9b9-acde48001122,8218089e-a88f-11e9-b7e1-acde48001122
neg/pos,not_certain,wikipedia_sgns_model,neighbors-200,0.3752530744,-,True,-,axle,axle,11659,True,True,True,0,1,1,1.0,1.0,mon,,conc,True,555,482,,82182d42-a88f-11e9-8343-acde48001122,ac60bfb0-ce46-11e9-8a6e-acde48001122
neg/pos,not_certain,wikipedia_sgns_model,neighbors-200,0.3759957592,-,True,-,handbrake,handbrake,437,False,False,False,0,0,0,None,,mon,non-met,-,False,,,,82182d7e-a88f-11e9-b52f-acde48001122,ac66a150-ce46-11e9-8a6e-acde48001122
neg/pos,not_certain,wikipedia_sgns_model,neighbors-200,0.3769869355,-,True,-,wooden,wooden,66923,True,False,False,1,0,2,None,,poly,non-met,-,False,,,,82182dba-a88f-11e9-b641-acde48001122,ac7413f8-ce46-11e9-8a6e-acde48001122
neg/pos,not_certain,wikipedia_sgns_model,neighbors-200,0.3773269234,-,True,-,trunnions,trunnion,160,False,False,True,0,0,0,None,,,,-,False,,,,82182df6-a88f-11e9-848d-acde48001122,8217fa0c-a88f-11e9-83ac-acde48001122
neg/pos,not_certain,wikipedia_sgns_model,neighbors-200,0.3778486031,-,True,-,underbone,underbone,108,False,False,True,0,0,0,None,,,,-,False,,,,82182e3a-a88f-11e9-a7ed-acde48001122,8217fade-a88f-11e9-90da-acde48001122
neg/pos,not_certain,wikipedia_sgns_model,neighbors-200,0.3785317658,-,True,-,screw,screw,10449,True,True,False,5,14,10,0.2,0.33970678507863866,homonyms_only_different_pos,non-met,conc,False,,,,82182e64-a88f-11e9-997e-acde48001122,ac70a5f6-ce46-11e9-8a6e-acde48001122
neg/pos,not_certain,wikipedia_sgns_model,neighbors-200,0.3788279166,-,True,-,chamfer,chamfer,112,True,True,True,1,0,3,0.75,0.75,,,conc,True,,,,82182e9e-a88f-11e9-835e-acde48001122,82180206-a88f-11e9-bac6-acde48001122
neg/pos,not_certain,wikipedia_sgns_model,neighbors-200,0.3792799252,-,True,-,grip,grip,12360,True,True,True,6,3,10,0.09523809523809523,0.2436252487336079,homonyms_only_different_pos,met,abs-conc,True,490,523,325,82182ec8-a88f-11e9-b648-acde48001122,ac666f0a-ce46-11e9-8a6e-acde48001122
neg/pos,not_certain,wikipedia_sgns_model,neighbors-200,0.3803879289,-,True,-,lathe,lathe,1793,True,True,True,0,0,1,1.0,1.0,mon,,conc,True,481,295,,82182ef0-a88f-11e9-87cc-acde48001122,ac6bee30-ce46-11e9-8a6e-acde48001122
neg/pos,not_certain,wikipedia_sgns_model,neighbors-200,0.3814936898,-,True,-,brakes,brake,12850,True,True,True,4,1,7,0.1111111111111111,0.38213957759412304,homonyms_also_same_pos,non-met,abs-conc,True,,,,82182f2c-a88f-11e9-af43-acde48001122,ac617cac-ce46-11e9-8a6e-acde48001122
neg/pos,not_certain,wikipedia_sgns_model,neighbors-200,0.3816396937,-,True,-,plunger,plunger,1071,True,True,True,2,0,4,0.38095238095238093,0.46733500417710944,poly,,conc,True,,,,82182f68-a88f-11e9-b4f5-acde48001122,ac6ec498-ce46-11e9-8a6e-acde48001122
neg/pos,not_certain,wikipedia_sgns_model,neighbors-200,0.3825879647,-,True,-,cylinder,cylinder,37205,True,True,True,3,0,4,0.125,0.29298941798941797,poly,non-met,abs-conc,True,,,,82182fae-a88f-11e9-8577-acde48001122,ac635482-ce46-11e9-8a6e-acde48001122
neg/pos,not_certain,wikipedia_sgns_model,neighbors-200,0.3827894319,-,True,-,barrels,barrel,11168,True,True,True,2,8,6,0.10526315789473684,0.22013627583287027,poly,non-met,abs-conc,True,,,,82182ff4-a88f-11e9-8ad8-acde48001122,ac60ec42-ce46-11e9-8a6e-acde48001122
neg/pos,not_certain,wikipedia_sgns_model,neighbors-200,0.3839957051,-,True,-,cylinders,cylinder,9931,True,True,True,3,0,4,0.125,0.29298941798941797,poly,non-met,abs-conc,True,,,,8218303a-a88f-11e9-bd5b-acde48001122,ac635482-ce46-11e9-8a6e-acde48001122
neg/pos,not_certain,wikipedia_sgns_model,neighbors-200,0.3841311884,-,True,-,bushings,bushing,393,True,True,True,1,0,3,0.25,0.25,,,abs-conc,True,,,,82183080-a88f-11e9-a862-acde48001122,8217fe3a-a88f-11e9-9a3e-acde48001122
neg/pos,not_certain,wikipedia_sgns_model,neighbors-200,0.3843632797,-,True,-,sheave,sheave,127,False,False,True,0,0,0,None,,,,-,False,,,,821830ba-a88f-11e9-a606-acde48001122,8217fe1c-a88f-11e9-85c3-acde48001122
neg/pos,not_certain,wikipedia_sgns_model,neighbors-200,0.3846473804,-,True,-,wheelsets,wheelset,143,False,False,True,0,0,0,None,,,,-,False,,,,82183102-a88f-11e9-89be-acde48001122,82180e8c-a88f-11e9-aef4-acde48001122
neg/pos,not_certain,wikipedia_sgns_model,neighbors-200,0.3851614225,-,True,-,stovetop,stovetop,104,False,False,True,0,0,0,None,,,,-,False,,,,82183148-a88f-11e9-91d0-acde48001122,8217fb4c-a88f-11e9-938f-acde48001122
neg/pos,not_certain,wikipedia_sgns_model,neighbors-200,0.3853403671,-,True,-,fusee,fusee,117,True,True,True,3,0,4,0.7,0.7550682261208577,,,conc,True,,,,8218318c-a88f-11e9-ba5f-acde48001122,821805cc-a88f-11e9-a4f4-acde48001122
neg/pos,not_certain,wikipedia_sgns_model,neighbors-200,0.385393205,-,True,-,foregrip,foregrip,106,False,False,True,0,0,0,None,,,,-,False,,,,821831d4-a88f-11e9-89bf-acde48001122,8218024a-a88f-11e9-82e7-acde48001122
neg/pos,not_certain,wikipedia_sgns_model,neighbors-200,0.3854458997,-,True,-,knurled,knurl,111,False,False,False,0,0,0,None,,,,-,False,,,,82183210-a88f-11e9-90bf-acde48001122,821802cc-a88f-11e9-9c0c-acde48001122
neg/pos,not_certain,wikipedia_sgns_model,neighbors-200,0.3866174421,-,True,-,trunnion,trunnion,210,False,False,True,0,0,0,None,,,,-,False,,,,82183258-a88f-11e9-a059-acde48001122,8217fa0c-a88f-11e9-83ac-acde48001122
neg/pos,not_certain,wikipedia_sgns_model,neighbors-200,0.3867052315,-,True,-,bike,bike,24297,True,True,True,1,0,3,0.7272727272727273,0.7272727272727273,mon,,conc,True,,,,8218329c-a88f-11e9-9bab-acde48001122,ac612892-ce46-11e9-8a6e-acde48001122
neg/pos,not_certain,wikipedia_sgns_model,neighbors-200,0.3868860862,-,True,-,balls,ball,28297,True,True,True,3,0,13,0.08,0.20951374560226235,homonyms_also_same_pos,non-met,abs-conc-n,True,,,,821832e2-a88f-11e9-9311-acde48001122,ac60d810-ce46-11e9-8a6e-acde48001122
neg/pos,not_certain,wikipedia_sgns_model,neighbors-200,0.3870189748,-,True,-,rollers,roller,4236,True,True,True,5,0,7,0.08333333333333333,0.24074601115361582,poly,met,abs-conc,True,,,,82183328-a88f-11e9-b417-acde48001122,ac703fa8-ce46-11e9-8a6e-acde48001122
neg/pos,not_certain,wikipedia_sgns_model,neighbors-200,0.38703177,-,True,-,wheelset,wheelset,173,False,False,False,0,0,0,None,,,,-,False,,,,82183364-a88f-11e9-8999-acde48001122,82180e8c-a88f-11e9-aef4-acde48001122
neg/pos,not_certain,wikipedia_sgns_model,neighbors-200,0.3892243327,-,True,-,footrest,footrest,110,True,True,True,0,0,1,1.0,1.0,,,conc,True,,,,821833a8-a88f-11e9-b99a-acde48001122,82180562-a88f-11e9-90aa-acde48001122
neg/pos,not_certain,wikipedia_sgns_model,neighbors-200,0.3906853684,-,True,-,hose,hose,4659,True,True,True,2,0,4,0.5263157894736842,0.6175438596491228,homonyms_also_same_pos,,conc,True,596,449,314,821833dc-a88f-11e9-b5ac-acde48001122,ac671c7a-ce46-11e9-8a6e-acde48001122
neg/pos,not_certain,wikipedia_sgns_model,neighbors-200,0.3908417376,-,True,-,plungers,plunger,123,True,True,True,2,0,4,0.38095238095238093,0.46733500417710944,poly,,conc,True,,,,82183418-a88f-11e9-a19e-acde48001122,ac6ec498-ce46-11e9-8a6e-acde48001122
neg/pos,not_certain,wikipedia_sgns_model,neighbors-200,0.3916093305,-,True,-,wallower,wallower,185,False,False,True,0,0,0,None,,,,-,False,,,,8218345e-a88f-11e9-83f0-acde48001122,8218100a-a88f-11e9-8316-acde48001122
neg/pos,not_certain,wikipedia_sgns_model,neighbors-200,0.3929645957,-,True,-,hubcaps,hubcap,308,True,True,True,0,0,1,1.0,1.0,mon,,conc,True,,,,821834a4-a88f-11e9-a286-acde48001122,ac672c1a-ce46-11e9-8a6e-acde48001122
neg/pos,not_certain,wikipedia_sgns_model,neighbors-200,0.3929758275,-,True,-,handlebar,handlebar,585,True,True,True,0,0,1,1.0,1.0,,,conc,True,,,,821834e2-a88f-11e9-8755-acde48001122,8217fb06-a88f-11e9-8cc7-acde48001122
neg/pos,not_certain,wikipedia_sgns_model,neighbors-200,0.395495846,-,True,-,shaft,shaft,19554,True,True,True,5,0,14,0.10526315789473684,0.2907495541657147,homonyms_only_different_pos,,abs-conc,True,,,,8218388c-a88f-11e9-b79d-acde48001122,ac70ec82-ce46-11e9-8a6e-acde48001122
neg/pos,not_certain,wikipedia_sgns_model,neighbors-200,0.3978352127,-,True,-,forend,forend,102,False,False,True,0,0,0,None,,,,-,False,,,,821838f0-a88f-11e9-bd9a-acde48001122,821805ec-a88f-11e9-bfc8-acde48001122
neg/pos,not_certain,wikipedia_sgns_model,neighbors-200,0.3983152785,-,True,-,pipe,pipe,26985,True,True,True,6,16,9,0.11764705882352941,0.36066176470588235,homonyms_only_different_pos,non-met,abs-conc,True,602,535,,82183936-a88f-11e9-a19b-acde48001122,ac6ea4c2-ce46-11e9-8a6e-acde48001122
neg/pos,not_certain,wikipedia_sgns_model,neighbors-200,0.3988499121,-,True,-,brake,brake,14575,True,True,True,4,1,7,0.1111111111111111,0.38213957759412304,homonyms_also_same_pos,non-met,abs-conc,True,526,551,,82183974-a88f-11e9-978e-acde48001122,ac617cac-ce46-11e9-8a6e-acde48001122
neg/pos,not_certain,wikipedia_sgns_model,neighbors-200,0.4020381895,-,True,-,lamp,lamp,12970,True,True,True,1,0,2,0.6666666666666666,0.6666666666666666,poly,non-met,conc,True,615,578,283,821839b8-a88f-11e9-b4b5-acde48001122,ac683cc2-ce46-11e9-8a6e-acde48001122
neg/pos,not_certain,wikipedia_sgns_model,neighbors-200,0.4035970708,-,True,-,swaging,swaging,104,True,False,True,0,0,4,0.2,0.2111111111111111,,,-,False,,,,821839fe-a88f-11e9-8b7c-acde48001122,8217f9d0-a88f-11e9-bb65-acde48001122
neg/pos,not_certain,wikipedia_sgns_model,neighbors-200,0.4077253806,-,True,-,workpiece,workpiece,1308,True,True,False,0,0,1,1.0,1.0,,,conc,False,,,,82183a46-a88f-11e9-871f-acde48001122,82180fc6-a88f-11e9-ae64-acde48001122
neg/pos,not_certain,wikipedia_sgns_model,neighbors-200,0.4080138156,-,True,-,bottle,bottle,18995,True,True,True,3,3,5,0.13333333333333333,0.34444444444444444,homonyms_only_different_pos,non-met,abs-conc,True,591,591,,82183a80-a88f-11e9-bcaa-acde48001122,ac616f28-ce46-11e9-8a6e-acde48001122
neg/pos,not_certain,wikipedia_sgns_model,neighbors-200,0.4114685859,-,True,-,shoe,shoe,14949,True,True,True,2,0,5,0.5263157894736842,0.5937392500859993,homonyms_only_different_pos,non-met,conc,True,600,569,,82183ac6-a88f-11e9-b088-acde48001122,ac71042e-ce46-11e9-8a6e-acde48001122
neg/pos,not_certain,wikipedia_sgns_model,neighbors-200,0.4155086264,-,True,-,rope,rope,18600,True,True,True,2,0,4,0.18181818181818182,0.2159090909090909,homonyms_only_different_pos,,conc,True,608,539,281,82183b0c-a88f-11e9-9d1f-acde48001122,ac704692-ce46-11e9-8a6e-acde48001122
neg/pos,not_certain,wikipedia_sgns_model,neighbors-200,0.4157052979,-,True,-,footrests,footrest,118,True,True,True,0,0,1,1.0,1.0,,,conc,True,,,,82183b48-a88f-11e9-ba6a-acde48001122,82180562-a88f-11e9-90aa-acde48001122
neg/pos,not_certain,wikipedia_sgns_model,neighbors-200,0.4159602232,-,True,-,kickstand,kickstand,101,True,True,True,0,0,1,1.0,1.0,,,conc,True,,,,82183b8c-a88f-11e9-8ecc-acde48001122,82180678-a88f-11e9-b163-acde48001122
neg/pos,not_certain,wikipedia_sgns_model,neighbors-200,0.4180363374,-,True,-,pulley,pulley,1610,True,True,True,0,0,1,1.0,1.0,mon,,conc,True,,,,82183bd4-a88f-11e9-98a7-acde48001122,ac6f5dfe-ce46-11e9-8a6e-acde48001122
neg/pos,not_certain,wikipedia_sgns_model,neighbors-200,0.4211910529,-,True,-,screws,screw,3216,True,True,True,5,14,10,0.2,0.33970678507863866,homonyms_only_different_pos,non-met,conc,True,,,,82183c1a-a88f-11e9-917e-acde48001122,ac70a5f6-ce46-11e9-8a6e-acde48001122
neg/pos,not_certain,wikipedia_sgns_model,neighbors-200,0.428120823,-,True,-,chainring,chainr,149,False,False,False,0,0,0,None,,,,-,False,,,,82183c62-a88f-11e9-8f33-acde48001122,8217fb74-a88f-11e9-b92d-acde48001122
pos,not_certain,cslb,does_roll,0.43331107,-,True,-,marble,marble,29389,True,True,True,2,0,4,0.23529411764705882,0.3284313725490196,poly,met non-met,abs-conc,True,611,436,294,82183c9c-a88f-11e9-97c5-acde48001122,ac6c911e-ce46-11e9-8a6e-acde48001122
neg/pos,not_certain,wikipedia_sgns_model,neighbors-200,0.4391444163,-,True,-,tires,tire,10107,True,True,True,2,4,5,0.15384615384615385,0.22353664853664856,homonyms_only_different_pos,,conc,True,,,,82183ce2-a88f-11e9-ac99-acde48001122,ac72b210-ce46-11e9-8a6e-acde48001122
neg/pos,not_certain,wikipedia_sgns_model,neighbors-200,0.4407656132,-,True,-,tyres,tyre,6434,True,True,True,1,0,2,0.35294117647058826,0.35294117647058826,poly,non-met,conc-n,True,,,,82183d28-a88f-11e9-88be-acde48001122,ac732236-ce46-11e9-8a6e-acde48001122
neg/pos,not_certain,wikipedia_sgns_model,neighbors-200,0.4477954428,-,True,-,tire,tire,12007,True,True,True,2,4,5,0.15384615384615385,0.22353664853664856,homonyms_only_different_pos,,conc,True,563,546,,82183d6e-a88f-11e9-ae69-acde48001122,ac72b210-ce46-11e9-8a6e-acde48001122
pos,not_certain,cslb,does_roll,0.450212836,-,True,-,pig,pig,15819,True,True,True,6,0,9,0.2222222222222222,0.4114912800166535,homonyms_only_different_pos,met non-met,conc,True,614,509,233,82183da8-a88f-11e9-9a21-acde48001122,ac6e97ac-ce46-11e9-8a6e-acde48001122
pos,not_certain,cslb conceptnet,does_roll roll,0.4676256265,-,True,-,ball,ball,137087,True,True,True,3,0,13,0.08,0.20951374560226235,homonyms_also_same_pos,non-met,abs-conc-n,True,615,575,150,82183df0-a88f-11e9-b4b3-acde48001122,ac60d810-ce46-11e9-8a6e-acde48001122
pos,certain,manually_included,pos,0.4899901407,-,True,-,candle,candle,5981,True,True,True,2,0,3,0.10526315789473684,0.10526315789473684,poly,non-met,abs-conc,True,565,544,,82183e36-a88f-11e9-b7e9-acde48001122,ac61d670-ce46-11e9-8a6e-acde48001122
pos,not_certain,cslb,does_roll,0.5021193398,-,True,-,skateboard,skateboard,2363,True,True,True,0,0,2,None,,mon,,conc,True,,,,82183e74-a88f-11e9-b72e-acde48001122,ac71358e-ce46-11e9-8a6e-acde48001122
pos,not_certain,cslb,does_roll,0.5091540309,-,True,-,barrel,barrel,26331,True,True,True,2,8,6,0.10526315789473684,0.22013627583287027,poly,non-met,abs-conc,True,590,487,319,82183eb8-a88f-11e9-9e9a-acde48001122,ac60ec42-ce46-11e9-8a6e-acde48001122
pos,not_certain,cslb,does_roll,0.5185031732,-,True,-,tyre,tyre,7024,True,True,True,1,0,2,0.35294117647058826,0.35294117647058826,poly,non-met,conc-n,True,,,,82183ef4-a88f-11e9-89f7-acde48001122,ac732236-ce46-11e9-8a6e-acde48001122
neg/pos,not_certain,wikipedia_sgns_model,neighbors-200,0.5347733342,-,True,-,wheels,wheel,35256,True,True,True,3,4,11,0.10526315789473684,0.4312622680355737,homonyms_only_different_pos,met non-met,abs-conc,True,,,,82183f3a-a88f-11e9-b372-acde48001122,ac73e5ae-ce46-11e9-8a6e-acde48001122
pos,not_certain,cslb,does_roll,0.5576200462,,True,-,wheel,wheel,61751,True,True,True,3,4,11,0.10526315789473684,0.4312622680355737,homonyms_only_different_pos,met non-met,abs-conc,True,573,566,,82183f80-a88f-11e9-85f1-acde48001122,ac73e5ae-ce46-11e9-8a6e-acde48001122
