label,categories_str,sources_str,certainty,cosine_centroid,selection ,manual_coarse_grained,space_selection,qumcrae_label,word,lemma,wiki_frequency,word_in_wn?,word_noun_in_wn?,word_noun_spacy?,n_navigli_clusters,n_onto_senses_n_v,n_wn_senses,min_wn_sim_wup,av_sim_wup,polysemy_type,mipvu,wn_abs_conc,filter,conc,fam,aoa,word_id,lemma_id
neg,is_found_in_seas,cslb_crowd_neg,certain,0.0472932296,3,-,False,-,ring,ring,116797,True,True,True,9,16,15,0.125,0.2695056001284375,homonyms_also_same_pos,met non-met,abs-conc,False,593,589,208,8201e818-a88f-11e9-8caa-acde48001122,ac702cf2-ce46-11e9-8a6e-acde48001122
neg,is_found_in_seas,cslb_crowd_neg,certain,0.1028801853,3,-,False,-,satchel,satchel,819,True,True,True,0,0,1,1.0,1.0,mon,,conc,False,593,364,297,8201e83e-a88f-11e9-9c94-acde48001122,ac70836e-ce46-11e9-8a6e-acde48001122
neg,neg neg,manually_included manually_included,certain,0.1234240193,3,-,False,-,violin,violin,29202,True,True,True,0,0,1,1.0,1.0,poly,non-met,conc,False,626,468,,8201e866-a88f-11e9-828e-acde48001122,ac73989c-ce46-11e9-8a6e-acde48001122
neg,is_found_in_seas,cslb_crowd_neg,certain,0.1311390408,3,-,False,-,wheel,wheel,61751,True,True,True,3,4,11,0.10526315789473684,0.4312622680355737,homonyms_only_different_pos,met non-met,abs-conc,False,573,566,,8201e88c-a88f-11e9-9d7f-acde48001122,ac73e5ae-ce46-11e9-8a6e-acde48001122
pos,pos pos,manually_included manually_included,certain,0.1888275108,2,-,False,-,treasure,treasure,23674,True,True,True,2,0,6,0.125,0.28257020757020757,homonyms_only_different_pos,non-met,abs-conc,False,,,,8201e8ac-a88f-11e9-823f-acde48001122,ac72e794-ce46-11e9-8a6e-acde48001122
neg,is_found_in_seas,cslb_crowd_neg,certain,0.2047157693,,-,False,-,trapper,trapper,2115,True,True,True,0,0,1,1.0,1.0,mon,,conc,False,,,,8201e8de-a88f-11e9-afb0-acde48001122,ac72e3fc-ce46-11e9-8a6e-acde48001122
neg,is_found_in_seas,cslb_crowd_neg,certain,0.2316733815,,-,False,-,lynx,lynx,6514,True,True,True,1,0,2,0.07142857142857142,0.07142857142857142,mon,,conc-n,False,568,301,511,8201e9cc-a88f-11e9-9f25-acde48001122,ac6c6a2c-ce46-11e9-8a6e-acde48001122
neg,is_found_in_seas,cslb_crowd_neg,certain,0.2363369163,,-,False,-,bobcat,bobcat,1596,True,True,True,0,0,1,1.0,1.0,mon,,conc,False,,,,8201ea64-a88f-11e9-bbbf-acde48001122,ac6155a6-ce46-11e9-8a6e-acde48001122
neg,is_found_in_seas,cslb_crowd_neg,certain,0.2486903576,,-,False,-,coyote,coyote,5573,True,True,True,2,0,3,0.42857142857142855,0.451005291005291,mon,,conc,False,,,,8201eab4-a88f-11e9-b197-acde48001122,ac631896-ce46-11e9-8a6e-acde48001122
neg,is_found_in_seas,cslb_crowd_neg,certain,0.2570307553,,-,False,-,marmot,marmot,659,True,True,True,0,0,1,1.0,1.0,mon,,conc,False,,,,8201eaf0-a88f-11e9-89ca-acde48001122,ac6c9bd2-ce46-11e9-8a6e-acde48001122
neg,is_found_in_seas,cslb_crowd_neg,certain,0.2579485813,,-,False,-,cougar,cougar,3746,True,True,True,0,0,1,1.0,1.0,mon,,conc,False,,,,8201eb36-a88f-11e9-bb98-acde48001122,ac630946-ce46-11e9-8a6e-acde48001122
neg,is_found_in_seas,cslb_crowd_neg,certain,0.2613879969,,-,False,-,roach,roach,6497,True,True,True,3,0,7,0.15384615384615385,0.2832025170699733,homonyms_also_same_pos,,conc,False,,,,8201ebf4-a88f-11e9-b3ee-acde48001122,ac70354e-ce46-11e9-8a6e-acde48001122
neg,is_found_in_seas,cslb_crowd_neg,certain,0.265127626,,-,False,-,peregrine,peregrine,2785,True,True,True,0,0,2,None,,,,conc,False,,,,8201ec58-a88f-11e9-8123-acde48001122,8201ddc6-a88f-11e9-83b1-acde48001122
neg,is_found_in_seas,cslb_crowd_neg,certain,0.2671046085,,-,False,-,beaver,beaver,16164,True,True,True,3,0,8,0.17391304347826086,0.3706066574747227,poly,,abs-conc,False,589,470,,8201ec9e-a88f-11e9-abe8-acde48001122,ac6102cc-ce46-11e9-8a6e-acde48001122
pos,pos pos,manually_included manually_included,certain,0.2843364148,,-,False,-,bass,bass,103359,True,True,True,4,0,9,0.08333333333333333,0.2133037392518577,homonyms_only_different_pos,non-met,abs-conc,False,547,540,,8201ecda-a88f-11e9-b272-acde48001122,ac60f14c-ce46-11e9-8a6e-acde48001122
pos,is_found_in_seas,cslb_crowd_pos,certain,0.291998398,,-,False,-,caplin,caplin,306,True,True,False,0,0,1,1.0,1.0,,,conc,False,,,,8201ed18-a88f-11e9-b56b-acde48001122,8201d2fe-a88f-11e9-9d14-acde48001122
neg,is_found_in_seas,cslb_crowd_neg,certain,0.296069541,,-,False,-,rabbit,rabbit,15865,True,True,True,1,0,4,0.16666666666666666,0.2272727272727273,homonyms_only_different_pos,non-met,abs-conc,False,635,523,206,8201ed52-a88f-11e9-ad27-acde48001122,ac6f915c-ce46-11e9-8a6e-acde48001122
neg,is_found_in_seas,cslb_crowd_neg,certain,0.3050531607,,-,False,-,stoat,stoat,353,True,True,True,0,0,1,1.0,1.0,mon,,conc,False,621,352,417,8201ed98-a88f-11e9-9546-acde48001122,ac71dc82-ce46-11e9-8a6e-acde48001122
neg,is_found_in_seas,cslb_crowd_neg,certain,0.3075161994,,-,False,-,owl,owl,12496,True,True,True,0,0,1,1.0,1.0,mon,,conc,False,614,477,269,8201edde-a88f-11e9-97c6-acde48001122,ac6e0260-ce46-11e9-8a6e-acde48001122
neg,is_found_in_seas,cslb_crowd_neg,certain,0.3202796414,,-,False,-,vole,vole,1549,True,True,True,0,0,1,1.0,1.0,mon,,conc,False,,,,8201ee1a-a88f-11e9-8eb3-acde48001122,ac73a544-ce46-11e9-8a6e-acde48001122
neg,is_found_in_seas,cslb_crowd_neg,certain,0.3227485097,,-,False,-,grizzly,grizzly,3564,True,True,True,0,0,2,None,,,,conc,False,,,,8201ee62-a88f-11e9-8d72-acde48001122,8201c7e6-a88f-11e9-a24a-acde48001122
neg,is_found_in_seas,cslb_crowd_neg,certain,0.3258526911,,-,False,-,muskrat,muskrat,762,True,True,True,1,0,2,0.17391304347826086,0.17391304347826086,poly,,abs-conc,False,,,,8201eea6-a88f-11e9-9aab-acde48001122,ac6d3aba-ce46-11e9-8a6e-acde48001122
neg,is_found_in_seas,cslb_crowd_neg,certain,0.3277376033,,-,False,-,elk,elk,9182,True,True,False,0,0,3,0.9375,0.9375,poly,,conc,False,,,,8201eee2-a88f-11e9-a351-acde48001122,ac64bca0-ce46-11e9-8a6e-acde48001122
pos,pos pos,manually_included manually_included,certain,0.3309124586,,-,False,-,sand,sand,51782,True,True,True,2,0,4,0.125,0.20462962962962963,homonyms_only_different_pos,non-met,abs-n,False,616,519,217,8201ef28-a88f-11e9-87ce-acde48001122,ac707ab8-ce46-11e9-8a6e-acde48001122
neg,is_found_in_seas,cslb_crowd_neg,certain,0.3417222754,,-,False,-,rodent,rodent,4434,True,True,True,0,0,1,1.0,1.0,mon,,conc,False,,,,8201ef64-a88f-11e9-8dce-acde48001122,ac703c88-ce46-11e9-8a6e-acde48001122
neg,is_found_in_seas,cslb_crowd_neg,certain,0.3420459137,,-,False,-,squirrel,squirrel,7491,True,True,True,1,0,2,0.17391304347826086,0.17391304347826086,mon,non-met,abs-conc,False,612,511,,8201efa8-a88f-11e9-8b9f-acde48001122,ac71b50e-ce46-11e9-8a6e-acde48001122
neg,neg neg,manually_included manually_included,certain,0.3681472739,,-,False,-,tortoise,tortoise,3936,True,True,True,0,0,1,1.0,1.0,mon,non-met,conc,False,602,415,,8201efe6-a88f-11e9-920f-acde48001122,ac72c944-ce46-11e9-8a6e-acde48001122
pos,is_found_in_seas,cslb_crowd_pos,certain,0.3791616704,,-,False,-,shearwater,shearwater,1243,True,True,True,0,0,1,1.0,1.0,,,conc,False,,,,8201f022-a88f-11e9-80d5-acde48001122,8201ceda-a88f-11e9-83a7-acde48001122
pos,is_found_in_seas,cslb_crowd_pos,certain,0.3824195435,,-,False,-,haddock,haddock,1663,True,True,True,1,0,2,0.17391304347826086,0.17391304347826086,mon,,conc,False,636,475,389,8201f054-a88f-11e9-be50-acde48001122,ac6690ca-ce46-11e9-8a6e-acde48001122
pos,is_found_in_seas,cslb_crowd_pos,certain,0.3845977355,,-,False,-,manatee,manatee,1650,True,True,True,0,0,1,1.0,1.0,mon,,conc,False,,,,8201f090-a88f-11e9-8946-acde48001122,ac6c869c-ce46-11e9-8a6e-acde48001122
pos,is_found_in_seas,cslb_crowd_pos,certain,0.3904608641,,-,False,-,gannet,gannet,586,True,True,True,0,0,1,1.0,1.0,mon,,conc,False,,,,8201f0cc-a88f-11e9-a8c0-acde48001122,ac65fc6e-ce46-11e9-8a6e-acde48001122
neg,is_found_in_seas,cslb_crowd_neg,certain,0.406991896,,-,False,-,bird,bird,78400,True,True,True,3,0,6,0.11764705882352941,0.26011204481792716,homonyms_only_different_pos,non-met,abs-conc,False,602,592,206,8201f108-a88f-11e9-aa18-acde48001122,ac612fea-ce46-11e9-8a6e-acde48001122
pos,is_found_in_seas,cslb_crowd_pos,certain,0.4140876935,,-,False,-,codfish,codfish,270,True,True,True,1,0,2,0.16666666666666666,0.16666666666666666,,,conc,False,,,,8201f146-a88f-11e9-aeed-acde48001122,8201c8ae-a88f-11e9-add1-acde48001122
neg,neg neg,manually_included manually_included,certain,0.4155820222,,-,False,-,crocodile,crocodile,6355,True,True,True,0,0,1,1.0,1.0,poly,,conc,False,583,456,,8201f180-a88f-11e9-af8c-acde48001122,ac632ee4-ce46-11e9-8a6e-acde48001122
neg,is_found_in_seas,cslb_crowd_neg,certain,0.4332711229,,-,False,-,barbel,barbel,591,True,True,True,0,0,1,1.0,1.0,mon,,conc,False,,,,8201f1ba-a88f-11e9-871f-acde48001122,ac60e63e-ce46-11e9-8a6e-acde48001122
neg,is_found_in_seas is_found_in_seas is_found_in_seas is_found_in_seas,cslb_crowd_neg manually_included manually_included,certain,0.4457152692,,-,False,-,carp,carp,4823,True,True,True,1,0,3,0.16,0.16,homonyms_only_different_pos,,conc,False,613,439,,8201f202-a88f-11e9-a9b8-acde48001122,ac61ea34-ce46-11e9-8a6e-acde48001122
pos,is_found_in_seas,cslb_crowd_pos,certain,0.4519848374,,-,False,-,swordfish,swordfish,1735,True,True,True,1,0,2,0.16,0.16,mon,,conc,False,,,,8201f234-a88f-11e9-83fb-acde48001122,ac724014-ce46-11e9-8a6e-acde48001122
pos,is_found_in_seas,cslb_crowd_pos,certain,0.4622625796,,-,False,-,seabird,seabird,1451,True,True,True,0,0,1,1.0,1.0,mon,,conc,False,,,,8201f25c-a88f-11e9-9281-acde48001122,ac70ae8e-ce46-11e9-8a6e-acde48001122
pos,is_found_in_seas,cslb_crowd_pos,certain,0.4804167429,,-,False,-,porpoise,porpoise,1024,True,True,True,0,0,1,1.0,1.0,mon,,conc,False,,,,8201f286-a88f-11e9-8a66-acde48001122,ac6ee450-ce46-11e9-8a6e-acde48001122
neg,is_found_in_seas,cslb_crowd_neg,certain,0.485928631,,-,False,-,chub,chub,1423,True,True,True,0,0,1,1.0,1.0,mon,,conc,False,,,,8201f2ac-a88f-11e9-8321-acde48001122,ac624aba-ce46-11e9-8a6e-acde48001122
pos,is_found_in_seas,cslb_crowd_pos,certain,0.4880329499,,-,False,-,seafood,seafood,6162,True,True,True,0,0,1,1.0,1.0,mon,,conc,False,,,,8201f2d4-a88f-11e9-ba21-acde48001122,ac70af06-ce46-11e9-8a6e-acde48001122
pos,pos pos,manually_included manually_included,certain,0.4910566604,,-,False,-,turtle,turtle,14449,True,True,True,0,0,4,0.2,0.27391304347826084,poly,,conc,False,644,509,,8201f2f4-a88f-11e9-8adf-acde48001122,ac731520-ce46-11e9-8a6e-acde48001122
pos,is_found_in_seas,cslb_crowd_pos,certain,0.4926541029,,-,False,-,sturgeon,sturgeon,4192,True,True,True,0,0,1,1.0,1.0,mon,,conc,False,,,,8201f31a-a88f-11e9-bdf8-acde48001122,ac720004-ce46-11e9-8a6e-acde48001122
pos,is_found_in_seas,cslb_crowd_pos,certain,0.4974300735,,-,False,-,gurnard,gurnard,200,True,True,True,0,0,1,1.0,1.0,,,conc,False,,,,8201f338-a88f-11e9-be60-acde48001122,8201e6d8-a88f-11e9-a3af-acde48001122
neg,is_found_in_seas,cslb_crowd_neg,certain,0.4988768226,,-,False,-,walleye,walleye,1421,True,True,True,0,0,2,0.07407407407407407,0.07407407407407407,,,abs-conc,False,,,,8201f362-a88f-11e9-a396-acde48001122,8201e71c-a88f-11e9-a8cf-acde48001122
neg,is_found_in_seas,cslb_crowd_neg,certain,0.5039910823,,-,False,-,bluegill,bluegill,899,True,True,True,0,0,1,1.0,1.0,,,conc,False,,,,8201f388-a88f-11e9-80b9-acde48001122,8201d1be-a88f-11e9-9f2c-acde48001122
pos,is_found_in_seas,cslb_crowd_pos,certain,0.5063636403,,-,False,-,cuttlefish,cuttlefish,830,True,True,True,0,0,1,1.0,1.0,mon,,conc,False,,,,8201f3b0-a88f-11e9-a23e-acde48001122,ac63528e-ce46-11e9-8a6e-acde48001122
pos,is_found_in_seas,cslb_crowd_pos,certain,0.5172728013,,-,False,-,pilchard,pilchard,205,True,True,True,1,0,2,0.16666666666666666,0.16666666666666666,mon,,conc,False,,,,8201f3cc-a88f-11e9-adc1-acde48001122,ac6e9b4e-ce46-11e9-8a6e-acde48001122
pos,is_found_in_seas,cslb_crowd_pos,certain,0.529381988,,-,False,-,abalone,abalone,957,True,True,True,0,0,1,1.0,1.0,,,conc,False,,,,8201f3f6-a88f-11e9-8f4a-acde48001122,8201e0dc-a88f-11e9-aa77-acde48001122
neg/pos,neighbors-200,wikipedia_sgns_model,not_certain,0.5295736734,,-,False,-,pinniped,pinniped,101,True,True,True,0,0,1,1.0,1.0,,,conc,False,,,,8201f41e-a88f-11e9-ae93-acde48001122,8201e208-a88f-11e9-be09-acde48001122
neg/pos,neighbors-200,wikipedia_sgns_model,not_certain,0.5296113776,,-,False,-,goby,goby,1426,True,True,False,0,0,1,1.0,1.0,,,conc,False,,,,8201f43a-a88f-11e9-aa69-acde48001122,8201e462-a88f-11e9-bd8a-acde48001122
neg/pos,neighbors-200,wikipedia_sgns_model,not_certain,0.5297303941,,-,False,-,trawls,trawls,395,True,True,True,0,0,3,0.5,0.5,,,conc,False,,,,8201f464-a88f-11e9-95c3-acde48001122,8201e4a6-a88f-11e9-8148-acde48001122
neg/pos,neighbors-200,wikipedia_sgns_model,not_certain,0.5297331892,,-,False,-,topminnow,topminnow,135,True,True,True,1,0,2,0.9090909090909091,0.9090909090909091,,,conc,False,,,,8201f48c-a88f-11e9-8183-acde48001122,8201d0d8-a88f-11e9-8af1-acde48001122
neg/pos,neighbors-200,wikipedia_sgns_model,not_certain,0.5302730839,,-,False,-,poropuntius,poropuntius,121,False,False,False,0,0,0,None,,,,-,False,,,,8201f4a8-a88f-11e9-8a89-acde48001122,8201ce58-a88f-11e9-93b8-acde48001122
neg/pos,neighbors-200,wikipedia_sgns_model,not_certain,0.5303610141,,-,False,-,mysis,mysis,113,True,True,True,0,0,1,1.0,1.0,,,abs,False,,,,8201f4d2-a88f-11e9-83ee-acde48001122,8201cf02-a88f-11e9-ab51-acde48001122
neg/pos,neighbors-200,wikipedia_sgns_model,not_certain,0.5305484153,,-,False,-,ocellatus,ocellatus,228,False,False,True,0,0,0,None,,,,-,False,,,,8201f4fa-a88f-11e9-803e-acde48001122,8201cba6-a88f-11e9-bf39-acde48001122
neg/pos,neighbors-200,wikipedia_sgns_model,not_certain,0.53064306,,-,False,-,squirrelfish,squirrelfish,105,True,True,True,1,0,2,0.875,0.875,,,conc,False,,,,8201f522-a88f-11e9-afa3-acde48001122,8201cda4-a88f-11e9-822e-acde48001122
neg/pos,neighbors-200,wikipedia_sgns_model,not_certain,0.5309262424,,-,False,-,fisheries,fishery,16317,True,True,True,0,0,1,1.0,1.0,mon,non-met,conc,False,,,,8201f540-a88f-11e9-847d-acde48001122,ac657424-ce46-11e9-8a6e-acde48001122
pos,is_found_in_seas,cslb_crowd_pos,certain,0.5310892443,,-,False,-,humpback,humpback,1408,True,True,True,3,0,3,0.08,0.23111111111111113,mon,,abs-conc,False,,,,8201f568-a88f-11e9-9e72-acde48001122,ac673584-ce46-11e9-8a6e-acde48001122
neg/pos,neighbors-200,wikipedia_sgns_model,not_certain,0.5311710915,,-,False,-,suckermouth,suckermouth,116,False,False,True,0,0,0,None,,,,-,False,,,,8201f590-a88f-11e9-842c-acde48001122,8201e122-a88f-11e9-adef-acde48001122
neg/pos,neighbors-200,wikipedia_sgns_model,not_certain,0.5321626347,,-,False,-,mykiss,mykis,313,False,False,True,0,0,0,None,,,,-,False,,,,8201f5ae-a88f-11e9-bed6-acde48001122,8201e014-a88f-11e9-ae9d-acde48001122
neg/pos,neighbors-200,wikipedia_sgns_model,not_certain,0.5323361016,,-,False,-,oysters,oyster,2825,True,True,True,2,0,4,0.1111111111111111,0.1516569200779727,poly,non-met,abs-conc,False,,,,8201f5d8-a88f-11e9-8abb-acde48001122,ac6e04d6-ce46-11e9-8a6e-acde48001122
neg/pos,neighbors-200,wikipedia_sgns_model,not_certain,0.5323725224,,-,False,-,clams,clam,2317,True,True,True,2,0,4,0.09523809523809523,0.13895850737956,homonyms_only_different_pos,,abs-conc,False,,,,8201f5fe-a88f-11e9-8f3d-acde48001122,ac625870-ce46-11e9-8a6e-acde48001122
pos,is_found_in_seas,cslb_crowd_pos,certain,0.5323829231,,-,False,-,longline,longline,287,False,False,True,0,0,0,None,,,,-,False,,,,8201f626-a88f-11e9-94a1-acde48001122,8201cd40-a88f-11e9-bf64-acde48001122
neg/pos,neighbors-200,wikipedia_sgns_model,not_certain,0.5324692535,,-,False,-,wrasse,wrasse,854,True,True,False,0,0,1,1.0,1.0,,,conc,False,,,,8201f64c-a88f-11e9-a199-acde48001122,8201d970-a88f-11e9-bade-acde48001122
neg/pos,neighbors-200,wikipedia_sgns_model,not_certain,0.5329097701,,-,False,-,anadromous,anadromous,606,True,False,False,0,0,1,1.0,1.0,,,-,False,,,,8201f66c-a88f-11e9-93d4-acde48001122,8201c674-a88f-11e9-9574-acde48001122
pos,is_found_in_seas,cslb_crowd_pos,certain,0.5332711215,,-,False,-,bream,bream,1505,True,True,True,1,0,5,0.16,0.3854040404040404,poly,,conc,False,,,,8201f69e-a88f-11e9-88eb-acde48001122,ac618594-ce46-11e9-8a6e-acde48001122
neg/pos,neighbors-200,wikipedia_sgns_model,not_certain,0.533325283,,-,False,-,jellyfish,jellyfish,2630,True,True,True,1,0,2,0.8181818181818182,0.8181818181818182,mon,,conc,False,,,,8201f6da-a88f-11e9-b0c2-acde48001122,ac67ee98-ce46-11e9-8a6e-acde48001122
neg/pos,neighbors-200,wikipedia_sgns_model,not_certain,0.5333715774,,-,False,-,tursiops,tursiop,101,False,False,True,0,0,0,None,,,,-,False,,,,8201f718-a88f-11e9-970f-acde48001122,8201ceba-a88f-11e9-a855-acde48001122
neg/pos,neighbors-200,wikipedia_sgns_model,not_certain,0.5335852357,,-,False,-,anthiinae,anthiinae,117,False,False,True,0,0,0,None,,,,-,False,,,,8201f752-a88f-11e9-b872-acde48001122,8201d6a8-a88f-11e9-9d70-acde48001122
neg/pos,neighbors-200,wikipedia_sgns_model,not_certain,0.5337837919,,-,False,-,flounder,flounder,1183,True,True,True,2,0,4,0.16,0.19111111111111112,homonyms_only_different_pos,,conc,False,,,,8201f78c-a88f-11e9-ac86-acde48001122,ac658de2-ce46-11e9-8a6e-acde48001122
neg/pos,neighbors-200,wikipedia_sgns_model,not_certain,0.5339678325,,-,False,-,haliotis,haliotis,258,True,True,True,0,0,1,1.0,1.0,,,abs,False,,,,8201f7ca-a88f-11e9-9fd4-acde48001122,8201dd3a-a88f-11e9-a60a-acde48001122
neg/pos,neighbors-200,wikipedia_sgns_model,not_certain,0.5347737572,,-,False,-,tilapia,tilapia,1011,True,True,True,0,0,1,1.0,1.0,,,abs,False,,,,8201f806-a88f-11e9-b8bd-acde48001122,8201d51a-a88f-11e9-9326-acde48001122
neg/pos,neighbors-200,wikipedia_sgns_model,not_certain,0.53508197,,-,False,-,goniodorididae,goniodorididae,121,False,False,False,0,0,0,None,,,,-,False,,,,8201f842-a88f-11e9-8de5-acde48001122,8201c8d8-a88f-11e9-b454-acde48001122
neg/pos,neighbors-200,wikipedia_sgns_model,not_certain,0.5352510971,,-,False,-,unionidae,unionidae,286,True,True,False,0,0,1,1.0,1.0,,,abs,False,,,,8201f87e-a88f-11e9-b7d0-acde48001122,8201dc68-a88f-11e9-9e9a-acde48001122
neg/pos,neighbors-200,wikipedia_sgns_model,not_certain,0.5353362096,,-,False,-,perch,perch,5129,True,True,True,5,3,10,0.08695652173913043,0.2435400808874274,homonyms_only_different_pos,met,abs-conc,False,576,396,414,8201f8c6-a88f-11e9-97e8-acde48001122,ac6e6020-ce46-11e9-8a6e-acde48001122
neg/pos,neighbors-200,wikipedia_sgns_model,not_certain,0.5353712172,,-,False,-,trapania,trapania,149,False,False,True,0,0,0,None,,,,-,False,,,,8201f90a-a88f-11e9-a0a3-acde48001122,8201e442-a88f-11e9-a49b-acde48001122
neg/pos,neighbors-200,wikipedia_sgns_model,not_certain,0.5361125883,,-,False,-,scyliorhinidae,scyliorhinidae,164,True,True,True,0,0,1,1.0,1.0,,,abs,False,,,,8201f946-a88f-11e9-b1d9-acde48001122,8201dde4-a88f-11e9-9e12-acde48001122
neg/pos,neighbors-200,wikipedia_sgns_model,not_certain,0.5364534096,,-,False,-,zooplankton,zooplankton,1348,True,True,True,0,0,1,1.0,1.0,,,conc,False,,,,8201f982-a88f-11e9-8d93-acde48001122,8201cb62-a88f-11e9-a100-acde48001122
neg/pos,neighbors-200,wikipedia_sgns_model,not_certain,0.5364597886,,-,False,-,oreochromis,oreochromis,177,False,False,True,0,0,0,None,,,,-,False,,,,8201f9be-a88f-11e9-bc53-acde48001122,8201cd86-a88f-11e9-956c-acde48001122
pos,is_found_in_seas,cslb_crowd_pos,certain,0.5373204083,,-,False,-,kelp,kelp,1821,True,True,True,0,0,1,1.0,1.0,mon,,conc,False,,,,8201fa06-a88f-11e9-9a39-acde48001122,ac680ca2-ce46-11e9-8a6e-acde48001122
neg/pos,neighbors-200,wikipedia_sgns_model,not_certain,0.5374840387,,-,False,-,scallops,scallop,870,True,True,True,5,0,9,0.10526315789473684,0.19090161483253587,homonyms_only_different_pos,,abs-conc,False,,,,8201fa40-a88f-11e9-a7fe-acde48001122,ac708dbe-ce46-11e9-8a6e-acde48001122
neg/pos,neighbors-200,wikipedia_sgns_model,not_certain,0.5380144501,,-,False,-,fundulus,fundulus,118,True,True,True,0,0,1,1.0,1.0,,,abs,False,,,,8201fa86-a88f-11e9-83cc-acde48001122,8201e6f4-a88f-11e9-9fca-acde48001122
neg/pos,neighbors-200,wikipedia_sgns_model,not_certain,0.5388533008,,-,False,-,acanthurus,acanthurus,112,True,True,False,0,0,1,1.0,1.0,,,abs,False,,,,8201fac2-a88f-11e9-9f3c-acde48001122,8201d5ba-a88f-11e9-8d6f-acde48001122
neg/pos,neighbors-200,wikipedia_sgns_model,not_certain,0.5389584169,,-,False,-,mydas,mydas,162,False,False,True,0,0,0,None,,,,-,False,,,,8201fafe-a88f-11e9-bb3e-acde48001122,8201cafa-a88f-11e9-b717-acde48001122
neg/pos,neighbors-200,wikipedia_sgns_model,not_certain,0.5389803637,,-,False,-,blacktip,blacktip,307,False,False,True,0,0,0,None,,,,-,False,,,,8201fb46-a88f-11e9-a2be-acde48001122,8201ce9e-a88f-11e9-aa65-acde48001122
neg/pos,neighbors-200,wikipedia_sgns_model,not_certain,0.5391519414,,-,False,-,gillnets,gillnet,233,False,False,True,0,0,0,None,,,,-,False,,,,8201fb80-a88f-11e9-b8ca-acde48001122,8201df10-a88f-11e9-996e-acde48001122
neg/pos,neighbors-200,wikipedia_sgns_model,not_certain,0.5393393378,,-,False,-,mergansers,merganser,136,True,True,True,0,0,1,1.0,1.0,,,conc,False,,,,8201fba8-a88f-11e9-a5be-acde48001122,8201d70c-a88f-11e9-aee0-acde48001122
neg/pos,neighbors-200,wikipedia_sgns_model,not_certain,0.5394596251,,-,False,-,gorgonians,gorgonian,107,True,True,True,0,0,1,1.0,1.0,,,conc,False,,,,8201fbd0-a88f-11e9-a490-acde48001122,8201e1a4-a88f-11e9-a81e-acde48001122
neg/pos,neighbors-200,wikipedia_sgns_model,not_certain,0.5398713385,,-,False,-,mussel,mussel,2046,True,True,True,1,0,2,0.21052631578947367,0.21052631578947367,mon,non-met,conc,False,618,396,414,8201fbee-a88f-11e9-8944-acde48001122,ac6d3b28-ce46-11e9-8a6e-acde48001122
neg/pos,neighbors-200,wikipedia_sgns_model,not_certain,0.5401246047,,-,False,-,characin,characin,125,True,True,False,0,0,1,1.0,1.0,,,conc,False,,,,8201fc18-a88f-11e9-a30e-acde48001122,8201d664-a88f-11e9-8e8d-acde48001122
neg/pos,neighbors-200,wikipedia_sgns_model,not_certain,0.5407982778,,-,False,-,auritus,auritus,113,False,False,True,0,0,0,None,,,,-,False,,,,8201fc3e-a88f-11e9-b919-acde48001122,8201d6d2-a88f-11e9-95c3-acde48001122
neg/pos,neighbors-200,wikipedia_sgns_model,not_certain,0.540863903,,-,False,-,killifish,killifish,416,True,True,True,0,0,1,1.0,1.0,,,conc,False,,,,8201fc66-a88f-11e9-be5e-acde48001122,8201d6f0-a88f-11e9-9c3c-acde48001122
neg/pos,neighbors-200,wikipedia_sgns_model,not_certain,0.5409203003,,-,False,-,babelomurex,babelomurex,112,False,False,False,0,0,0,None,,,,-,False,,,,8201fc8c-a88f-11e9-821d-acde48001122,8201c8f4-a88f-11e9-8b10-acde48001122
neg/pos,neighbors-200,wikipedia_sgns_model,not_certain,0.5411856235,,-,False,-,toothfish,toothfish,224,False,False,False,0,0,0,None,,,,-,False,,,,8201fcc0-a88f-11e9-a0ab-acde48001122,8201e334-a88f-11e9-8255-acde48001122
neg/pos,neighbors-200,wikipedia_sgns_model,not_certain,0.5425426617,,-,False,-,propebela,propebela,109,False,False,True,0,0,0,None,,,,-,False,,,,8201fce8-a88f-11e9-a4c3-acde48001122,8201d862-a88f-11e9-94ef-acde48001122
neg/pos,neighbors-200,wikipedia_sgns_model,not_certain,0.5425788645,,-,False,-,schizothorax,schizothorax,200,False,False,True,0,0,0,None,,,,-,False,,,,8201fd06-a88f-11e9-87c2-acde48001122,8201d538-a88f-11e9-aa4d-acde48001122
neg/pos,neighbors-200,wikipedia_sgns_model,not_certain,0.5429890125,,-,False,-,lanternshark,lanternshark,146,False,False,True,0,0,0,None,,,,-,False,,,,8201fd2e-a88f-11e9-8c05-acde48001122,8201d3a8-a88f-11e9-b8ac-acde48001122
neg/pos,neighbors-200,wikipedia_sgns_model,not_certain,0.5430929301,,-,False,-,silverside,silverside,230,True,True,True,0,0,1,1.0,1.0,mon,,conc,False,,,,8201fd4c-a88f-11e9-9c31-acde48001122,ac712558-ce46-11e9-8a6e-acde48001122
neg/pos,neighbors-200,wikipedia_sgns_model,not_certain,0.5436644009,,-,False,-,barramundi,barramundi,207,True,True,True,0,0,1,1.0,1.0,,,abs,False,,,,8201fd74-a88f-11e9-a2ee-acde48001122,8201ccfa-a88f-11e9-bffa-acde48001122
neg/pos,neighbors-200,wikipedia_sgns_model,not_certain,0.5437875499,,-,False,-,gulper,gulper,157,True,True,True,0,0,1,1.0,1.0,,,conc,False,,,,8201fd9c-a88f-11e9-b481-acde48001122,8201d736-a88f-11e9-ba60-acde48001122
pos,is_found_in_seas,cslb_crowd_pos,certain,0.5439112667,,-,False,-,sculpin,sculpin,689,True,True,True,0,0,1,1.0,1.0,,,conc,False,,,,8201fdba-a88f-11e9-a90d-acde48001122,8201c962-a88f-11e9-9d39-acde48001122
pos,is_found_in_seas,cslb_crowd_pos,certain,0.544007868,,-,False,-,rockfish,rockfish,681,True,True,True,1,0,3,0.16,0.3806060606060606,,,conc,False,,,,8201fde2-a88f-11e9-9b00-acde48001122,8201e550-a88f-11e9-b901-acde48001122
neg/pos,neighbors-200,wikipedia_sgns_model,not_certain,0.5446885638,,-,False,-,salvelinus,salvelinus,233,True,True,True,0,0,1,1.0,1.0,,,abs,False,,,,8201fe0a-a88f-11e9-b6e8-acde48001122,8201d362-a88f-11e9-bdfb-acde48001122
pos,is_found_in_seas,cslb_crowd_pos,certain,0.5448045344,,-,False,-,anchovy,anchovy,471,True,True,True,1,0,2,0.18181818181818182,0.18181818181818182,mon,,conc,False,,,,8201fe34-a88f-11e9-b0eb-acde48001122,ac604c74-ce46-11e9-8a6e-acde48001122
neg/pos,neighbors-200,wikipedia_sgns_model,not_certain,0.5448210738,,-,False,-,saury,saury,132,True,True,True,0,0,1,1.0,1.0,,,conc,False,,,,8201fe5a-a88f-11e9-82db-acde48001122,8201c7be-a88f-11e9-8bd8-acde48001122
neg/pos,neighbors-200,wikipedia_sgns_model,not_certain,0.5448420724,,-,False,-,longnose,longnose,390,False,False,True,0,0,0,None,,,,-,False,,,,8201fe78-a88f-11e9-b492-acde48001122,8201d074-a88f-11e9-a6bc-acde48001122
neg/pos,neighbors-200,wikipedia_sgns_model,not_certain,0.5452051185,,-,False,-,warmwater,warmwater,140,False,False,True,0,0,0,None,,,,-,False,,,,8201fe9e-a88f-11e9-9aff-acde48001122,8201e398-a88f-11e9-a327-acde48001122
neg/pos,neighbors-200,wikipedia_sgns_model,not_certain,0.54537497,,-,False,-,vendace,vendace,102,False,False,True,0,0,0,None,,,,-,False,,,,8201febe-a88f-11e9-9eb1-acde48001122,8201ca34-a88f-11e9-9bac-acde48001122
pos,is_found_in_seas,cslb_crowd_pos,certain,0.5458859861,,-,False,-,crustacean,crustacean,1104,True,True,True,0,0,2,None,,mon,,conc,False,,,,8201fee6-a88f-11e9-9610-acde48001122,ac633cc2-ce46-11e9-8a6e-acde48001122
pos,is_found_in_seas,cslb_crowd_pos,certain,0.5461471016,,-,False,-,grouper,grouper,857,True,True,True,1,0,2,0.18181818181818182,0.18181818181818182,,,conc,False,,,,8201ff0c-a88f-11e9-aec0-acde48001122,8201e226-a88f-11e9-ba8e-acde48001122
neg/pos,neighbors-200,wikipedia_sgns_model,not_certain,0.5463358614,,-,False,-,capelin,capelin,220,True,True,True,0,0,1,1.0,1.0,,,conc,False,,,,8201ff2c-a88f-11e9-aca9-acde48001122,8201d22c-a88f-11e9-a6bc-acde48001122
neg/pos,neighbors-200,wikipedia_sgns_model,not_certain,0.5464113375,,-,False,-,tuna,tuna,5163,True,True,True,2,0,4,0.16666666666666666,0.37559884559884554,poly,,conc,False,,,,8201ff54-a88f-11e9-afa9-acde48001122,ac730df0-ce46-11e9-8a6e-acde48001122
neg/pos,neighbors-200,wikipedia_sgns_model,not_certain,0.5466869962,,-,False,-,epipelagic,epipelagic,152,False,False,False,0,0,0,None,,,,-,False,,,,8201ff7a-a88f-11e9-ab9f-acde48001122,8201d8a8-a88f-11e9-a27a-acde48001122
neg/pos,neighbors-200,wikipedia_sgns_model,not_certain,0.546729057,,-,False,-,latirus,latirus,143,False,False,True,0,0,0,None,,,,-,False,,,,8201ffa4-a88f-11e9-a2cd-acde48001122,8201dc90-a88f-11e9-a70b-acde48001122
neg/pos,neighbors-200,wikipedia_sgns_model,not_certain,0.5470392204,,-,False,-,mesopelagic,mesopelagic,244,False,False,False,0,0,0,None,,,,-,False,,,,8201ffc2-a88f-11e9-b161-acde48001122,8201d448-a88f-11e9-ad68-acde48001122
neg/pos,neighbors-200,wikipedia_sgns_model,not_certain,0.5473064132,,-,False,-,overfished,overfish,197,False,False,False,0,0,0,None,,,,-,False,,,,8201ffe8-a88f-11e9-a099-acde48001122,8201e73a-a88f-11e9-9831-acde48001122
neg/pos,neighbors-200,wikipedia_sgns_model,not_certain,0.5475415718,,-,False,-,chromis,chromis,166,False,False,False,0,0,0,None,,,,-,False,,,,82020012-a88f-11e9-aadc-acde48001122,8201d934-a88f-11e9-9898-acde48001122
neg/pos,neighbors-200,wikipedia_sgns_model,not_certain,0.547667835,,-,False,-,peristernia,peristernia,105,False,False,False,0,0,0,None,,,,-,False,,,,82020030-a88f-11e9-9af8-acde48001122,8201e098-a88f-11e9-840e-acde48001122
neg/pos,neighbors-200,wikipedia_sgns_model,not_certain,0.5477446092,,-,False,-,baitfish,baitfish,127,False,False,True,0,0,0,None,,,,-,False,,,,82020058-a88f-11e9-adb2-acde48001122,8201c874-a88f-11e9-931e-acde48001122
neg/pos,neighbors-200,wikipedia_sgns_model,not_certain,0.5479876085,,-,False,-,catshark,catshark,885,False,False,True,0,0,0,None,,,,-,False,,,,82020080-a88f-11e9-a0c3-acde48001122,8201cf66-a88f-11e9-b3b8-acde48001122
neg/pos,neighbors-200,wikipedia_sgns_model,not_certain,0.5483051562,,-,False,-,milkfish,milkfish,135,False,False,True,0,0,0,None,,,,-,False,,,,8202009e-a88f-11e9-b1de-acde48001122,8201e35c-a88f-11e9-91d2-acde48001122
neg/pos,neighbors-200,wikipedia_sgns_model,not_certain,0.5483267135,,-,False,-,panfish,panfish,198,True,True,True,0,0,1,1.0,1.0,,,conc,False,,,,820200c6-a88f-11e9-9a7e-acde48001122,8201e2f8-a88f-11e9-a95b-acde48001122
neg/pos,neighbors-200,wikipedia_sgns_model,not_certain,0.5488885938,,-,False,-,midwater,midwater,161,False,False,True,0,0,0,None,,,,-,False,,,,820200ee-a88f-11e9-8662-acde48001122,8201d4ac-a88f-11e9-abd3-acde48001122
neg/pos,neighbors-200,wikipedia_sgns_model,not_certain,0.5490945195,,-,False,-,crayfish,crayfish,2104,True,True,True,1,0,4,0.19047619047619047,0.4226587301587301,poly,,conc,False,,,,8202010c-a88f-11e9-b3d6-acde48001122,ac63203e-ce46-11e9-8a6e-acde48001122
neg/pos,neighbors-200,wikipedia_sgns_model,not_certain,0.5492831993,,-,False,-,fished,fish,2180,True,True,False,3,3,6,0.23529411764705882,0.3643009283212733,homonyms_only_different_pos,non-met,conc-n,False,,,,82020134-a88f-11e9-89af-acde48001122,ac657366-ce46-11e9-8a6e-acde48001122
neg/pos,neighbors-200,wikipedia_sgns_model,not_certain,0.5493047021,,-,False,-,benthic,benthic,2413,True,False,False,0,0,1,1.0,1.0,,,-,False,,,,82020152-a88f-11e9-a9ae-acde48001122,8201e1e8-a88f-11e9-8a26-acde48001122
neg/pos,neighbors-200,wikipedia_sgns_model,not_certain,0.5494833528,,-,False,-,bathyal,bathyal,103,True,False,True,0,0,1,1.0,1.0,,,-,False,,,,8202017a-a88f-11e9-bed5-acde48001122,8201de28-a88f-11e9-9e51-acde48001122
neg/pos,neighbors-200,wikipedia_sgns_model,not_certain,0.5495638074,,-,False,-,carangidae,carangidae,213,True,True,False,0,0,1,1.0,1.0,,,abs,False,,,,820201a2-a88f-11e9-a3ef-acde48001122,8201e37a-a88f-11e9-a00d-acde48001122
neg/pos,neighbors-200,wikipedia_sgns_model,not_certain,0.550023927,,-,False,-,yellowfish,yellowfish,102,False,False,True,0,0,0,None,,,,-,False,,,,820201c0-a88f-11e9-9a5c-acde48001122,8201d2d8-a88f-11e9-ac9f-acde48001122
pos,is_found_in_seas,cslb_crowd_pos,certain,0.5502656289,,-,False,-,whitebait,whitebait,176,True,True,False,1,0,2,0.21052631578947367,0.21052631578947367,mon,,conc,False,,,,820201e8-a88f-11e9-9238-acde48001122,ac73f2a6-ce46-11e9-8a6e-acde48001122
neg/pos,neighbors-200,wikipedia_sgns_model,not_certain,0.5516926731,,-,False,-,abalones,abalone,139,True,True,True,0,0,1,1.0,1.0,,,conc,False,,,,82020206-a88f-11e9-b9d8-acde48001122,8201e0dc-a88f-11e9-aa77-acde48001122
neg/pos,neighbors-200,wikipedia_sgns_model,not_certain,0.551738838,,-,False,-,shrimps,shrimp,974,True,True,True,1,0,4,0.21052631578947367,0.3632157316367843,poly,,conc,False,,,,8202022e-a88f-11e9-aaa0-acde48001122,ac71131a-ce46-11e9-8a6e-acde48001122
neg/pos,neighbors-200,wikipedia_sgns_model,not_certain,0.5519802648,,-,False,-,pipefish,pipefish,493,True,True,True,0,0,1,1.0,1.0,,,conc,False,,,,82020258-a88f-11e9-acc6-acde48001122,8201d04c-a88f-11e9-a334-acde48001122
neg/pos,neighbors-200,wikipedia_sgns_model,not_certain,0.5519997471,,-,False,-,lizardfish,lizardfish,286,True,True,True,0,0,1,1.0,1.0,,,conc,False,,,,8202027e-a88f-11e9-bca7-acde48001122,8201ca70-a88f-11e9-8083-acde48001122
neg/pos,neighbors-200,wikipedia_sgns_model,not_certain,0.5523336946,,-,False,-,echinolittorina,echinolittorina,124,False,False,False,0,0,0,None,,,,-,False,,,,8202029c-a88f-11e9-83a1-acde48001122,8201d40c-a88f-11e9-a667-acde48001122
neg/pos,neighbors-200,wikipedia_sgns_model,not_certain,0.55278177,,-,False,-,coralliophila,coralliophila,110,False,False,True,0,0,0,None,,,,-,False,,,,820202c6-a88f-11e9-891e-acde48001122,8201cd68-a88f-11e9-a9d6-acde48001122
neg/pos,neighbors-200,wikipedia_sgns_model,not_certain,0.5537062562,,-,False,-,seabirds,seabird,2263,True,True,True,0,0,1,1.0,1.0,mon,,conc,False,,,,820202ec-a88f-11e9-aad0-acde48001122,ac70ae8e-ce46-11e9-8a6e-acde48001122
neg/pos,neighbors-200,wikipedia_sgns_model,not_certain,0.5541644238,,-,False,-,trevally,trevally,715,False,False,False,0,0,0,None,,,,-,False,,,,8202030a-a88f-11e9-99d8-acde48001122,8201d31c-a88f-11e9-a18a-acde48001122
neg/pos,neighbors-200,wikipedia_sgns_model,not_certain,0.5551432961,,-,False,-,amberjack,amberjack,143,True,True,True,0,0,1,1.0,1.0,,,conc,False,,,,82020334-a88f-11e9-aa93-acde48001122,8201dd80-a88f-11e9-bcc1-acde48001122
neg/pos,neighbors-200,wikipedia_sgns_model,not_certain,0.5553625901,,-,False,-,pilchards,pilchard,140,True,True,True,1,0,2,0.16666666666666666,0.16666666666666666,mon,,conc,False,,,,8202035a-a88f-11e9-abfe-acde48001122,ac6e9b4e-ce46-11e9-8a6e-acde48001122
neg/pos,neighbors-200,wikipedia_sgns_model,not_certain,0.5555911517,,-,False,-,cardinalfish,cardinalfish,179,True,True,True,0,0,1,1.0,1.0,,,conc,False,,,,82020378-a88f-11e9-bc5b-acde48001122,8201cfe8-a88f-11e9-8c3a-acde48001122
neg/pos,neighbors-200,wikipedia_sgns_model,not_certain,0.5558522686,,-,False,-,neritic,neritic,116,True,False,False,1,0,2,None,,,,-,False,,,,8202039e-a88f-11e9-9819-acde48001122,8201dd9e-a88f-11e9-88fd-acde48001122
neg/pos,neighbors-200,wikipedia_sgns_model,not_certain,0.5573369246,,-,False,-,alosa,alosa,163,True,True,False,0,0,1,1.0,1.0,,,abs,False,,,,820203be-a88f-11e9-b721-acde48001122,8201e758-a88f-11e9-8fdd-acde48001122
neg/pos,neighbors-200,wikipedia_sgns_model,not_certain,0.5586044015,,-,False,-,surgeonfish,surgeonfish,159,True,True,True,0,0,1,1.0,1.0,,,conc,False,,,,820203e6-a88f-11e9-badc-acde48001122,8201e488-a88f-11e9-bf00-acde48001122
neg/pos,neighbors-200,wikipedia_sgns_model,not_certain,0.5595413297,,-,False,-,micropterus,micropterus,146,True,True,True,0,0,1,1.0,1.0,,,abs,False,,,,8202040c-a88f-11e9-a354-acde48001122,8201cf86-a88f-11e9-b321-acde48001122
neg/pos,neighbors-200,wikipedia_sgns_model,not_certain,0.5602761792,,-,False,-,sawshark,sawshark,106,False,False,True,0,0,0,None,,,,-,False,,,,8202042c-a88f-11e9-9515-acde48001122,8201c75a-a88f-11e9-abb1-acde48001122
neg/pos,neighbors-200,wikipedia_sgns_model,not_certain,0.5607753281,,-,False,-,neritidae,neritidae,114,True,True,True,0,0,1,1.0,1.0,,,abs,False,,,,82020454-a88f-11e9-af15-acde48001122,8201cc78-a88f-11e9-bbcd-acde48001122
neg/pos,neighbors-200,wikipedia_sgns_model,not_certain,0.5630423054,,-,False,-,salmon,salmon,19910,True,True,True,1,0,5,0.09523809523809523,0.17460317460317462,poly,non-met,abs-conc-n,False,,,,82020474-a88f-11e9-8986-acde48001122,ac707554-ce46-11e9-8a6e-acde48001122
neg/pos,neighbors-200,wikipedia_sgns_model,not_certain,0.5632610841,,-,False,-,tilefish,tilefish,146,True,True,True,1,0,2,0.9375,0.9375,,,conc,False,,,,8202049a-a88f-11e9-a0d0-acde48001122,8201d558-a88f-11e9-833a-acde48001122
neg/pos,neighbors-200,wikipedia_sgns_model,not_certain,0.5632770806,,-,False,-,pomacentridae,pomacentridae,110,True,True,True,0,0,1,1.0,1.0,,,abs,False,,,,820204c2-a88f-11e9-bec4-acde48001122,8201d9de-a88f-11e9-b307-acde48001122
neg/pos,neighbors-200,wikipedia_sgns_model,not_certain,0.5634501486,,-,False,-,pagurus,pagurus,111,True,True,True,0,0,1,1.0,1.0,,,abs,False,,,,820204e2-a88f-11e9-9a3d-acde48001122,8201e3fa-a88f-11e9-ad66-acde48001122
neg/pos,neighbors-200,wikipedia_sgns_model,not_certain,0.5639701368,,-,False,-,blacknose,blacknose,110,False,False,True,0,0,0,None,,,,-,False,,,,82020508-a88f-11e9-b230-acde48001122,8201e15e-a88f-11e9-a3f3-acde48001122
neg/pos,neighbors-200,wikipedia_sgns_model,not_certain,0.5651637635,,-,False,-,blennies,blenny,221,True,True,True,0,0,1,1.0,1.0,,,conc,False,,,,82020530-a88f-11e9-8a93-acde48001122,8201cb1a-a88f-11e9-afa7-acde48001122
neg/pos,neighbors-200,wikipedia_sgns_model,not_certain,0.5651955648,,-,False,-,smallmouth,smallmouth,973,True,True,True,0,0,1,1.0,1.0,,,conc,False,,,,8202054c-a88f-11e9-93b0-acde48001122,8201d02e-a88f-11e9-a6e1-acde48001122
neg/pos,neighbors-200,wikipedia_sgns_model,not_certain,0.5654771933,,-,False,-,sunfish,sunfish,1527,True,True,True,2,0,3,0.16666666666666666,0.40277777777777773,mon,,conc,False,,,,82020576-a88f-11e9-91c2-acde48001122,ac721abc-ce46-11e9-8a6e-acde48001122
neg/pos,neighbors-200,wikipedia_sgns_model,not_certain,0.5657177347,,-,False,-,billfish,billfish,200,True,True,True,1,0,4,0.8125,0.8685990386143335,,,conc,False,,,,8202059e-a88f-11e9-985e-acde48001122,8201d754-a88f-11e9-8b23-acde48001122
neg/pos,neighbors-200,wikipedia_sgns_model,not_certain,0.5661151629,,-,False,-,longlines,longline,150,False,False,True,0,0,0,None,,,,-,False,,,,820205ba-a88f-11e9-928e-acde48001122,8201cd40-a88f-11e9-bf64-acde48001122
neg/pos,neighbors-200,wikipedia_sgns_model,not_certain,0.5679036234,,-,False,-,littoraria,littoraria,102,False,False,True,0,0,0,None,,,,-,False,,,,820205e4-a88f-11e9-97c9-acde48001122,8201deac-a88f-11e9-ade3-acde48001122
neg/pos,neighbors-200,wikipedia_sgns_model,not_certain,0.5679687766,,-,False,-,guitarfish,guitarfish,158,True,True,False,0,0,1,1.0,1.0,,,conc,False,,,,8202060c-a88f-11e9-97cf-acde48001122,8201cfca-a88f-11e9-9817-acde48001122
neg/pos,neighbors-200,wikipedia_sgns_model,not_certain,0.5689777321,,-,False,-,euryhaline,euryhaline,115,False,False,True,0,0,0,None,,,,-,False,,,,82020634-a88f-11e9-8d68-acde48001122,8201d77a-a88f-11e9-bcf8-acde48001122
neg/pos,neighbors-200,wikipedia_sgns_model,not_certain,0.5691633311,,-,False,-,sillaginidae,sillaginidae,108,True,True,False,0,0,1,1.0,1.0,,,abs,False,,,,8202065c-a88f-11e9-80fa-acde48001122,8201e5dc-a88f-11e9-a907-acde48001122
neg/pos,neighbors-200,wikipedia_sgns_model,not_certain,0.5693833527,,-,False,-,piscivorous,piscivorous,235,True,False,False,0,0,1,1.0,1.0,,,-,False,,,,82020686-a88f-11e9-8294-acde48001122,8201d81c-a88f-11e9-b123-acde48001122
neg/pos,neighbors-200,wikipedia_sgns_model,not_certain,0.5697480102,,-,False,-,gammarus,gammarus,130,False,False,True,0,0,0,None,,,,-,False,,,,820206ac-a88f-11e9-941d-acde48001122,8201c714-a88f-11e9-b301-acde48001122
neg/pos,neighbors-200,wikipedia_sgns_model,not_certain,0.5704796918,,-,False,-,serranidae,serranidae,139,True,True,True,0,0,1,1.0,1.0,,,abs,False,,,,820206ca-a88f-11e9-ba37-acde48001122,8201dfcc-a88f-11e9-b929-acde48001122
neg/pos,neighbors-200,wikipedia_sgns_model,not_certain,0.5712866638,,-,False,-,holothuria,holothuria,106,True,True,False,0,0,1,1.0,1.0,,,abs,False,,,,820206f4-a88f-11e9-9fe0-acde48001122,8201e4ec-a88f-11e9-80b7-acde48001122
neg/pos,neighbors-200,wikipedia_sgns_model,not_certain,0.5723394584,,-,False,-,crab,crab,8586,True,True,True,3,0,11,0.09090909090909091,0.30423533066778,homonyms_also_same_pos,,abs-conc-n,False,626,433,292,8202071a-a88f-11e9-99be-acde48001122,ac63199a-ce46-11e9-8a6e-acde48001122
neg/pos,neighbors-200,wikipedia_sgns_model,not_certain,0.5726786092,,-,False,-,rorquals,rorqual,128,True,True,True,0,0,1,1.0,1.0,,,conc,False,,,,82020738-a88f-11e9-8be3-acde48001122,8201c6b0-a88f-11e9-93b3-acde48001122
neg/pos,neighbors-200,wikipedia_sgns_model,not_certain,0.5727003747,,-,False,-,panulirus,panulirus,105,False,False,True,0,0,0,None,,,,-,False,,,,82020762-a88f-11e9-bc0e-acde48001122,8201e598-a88f-11e9-8341-acde48001122
neg/pos,neighbors-200,wikipedia_sgns_model,not_certain,0.5727986886,,-,False,-,characins,characin,157,True,True,True,0,0,1,1.0,1.0,,,conc,False,,,,82020788-a88f-11e9-81f4-acde48001122,8201d664-a88f-11e9-8e8d-acde48001122
neg/pos,neighbors-200,wikipedia_sgns_model,not_certain,0.5737435136,,-,False,-,finfish,finfish,222,False,False,True,0,0,0,None,,,,-,False,,,,820207a6-a88f-11e9-aed4-acde48001122,8201e534-a88f-11e9-8138-acde48001122
neg/pos,neighbors-200,wikipedia_sgns_model,not_certain,0.5741215019,,-,False,-,shovelnose,shovelnose,170,False,False,True,0,0,0,None,,,,-,False,,,,820207cc-a88f-11e9-9bdf-acde48001122,8201df58-a88f-11e9-b683-acde48001122
pos,is_found_in_seas,cslb_crowd_pos,certain,0.5741523831,,-,False,-,dogfish,dogfish,607,True,True,True,1,0,2,0.7333333333333333,0.7333333333333333,mon,,conc,False,,,,820207f6-a88f-11e9-a88a-acde48001122,ac64153e-ce46-11e9-8a6e-acde48001122
neg/pos,neighbors-200,wikipedia_sgns_model,not_certain,0.5754794049,,-,False,-,amphipods,amphipod,614,True,True,True,0,0,1,1.0,1.0,,,conc,False,,,,8202081e-a88f-11e9-9051-acde48001122,8201d9b6-a88f-11e9-9665-acde48001122
neg/pos,neighbors-200,wikipedia_sgns_model,not_certain,0.5759941722,,-,False,-,swellshark,swellshark,111,False,False,True,0,0,0,None,,,,-,False,,,,8202083a-a88f-11e9-a0a6-acde48001122,8201d646-a88f-11e9-a4c6-acde48001122
neg/pos,neighbors-200,wikipedia_sgns_model,not_certain,0.5760315019,,-,False,-,whales,whale,11611,True,True,True,1,0,3,0.5217391304347826,0.5217391304347826,poly,,conc,False,,,,82020864-a88f-11e9-a196-acde48001122,ac73e400-ce46-11e9-8a6e-acde48001122
neg/pos,neighbors-200,wikipedia_sgns_model,not_certain,0.5770697194,,-,False,-,sinocyclocheilus,sinocyclocheilus,166,False,False,False,0,0,0,None,,,,-,False,,,,8202088c-a88f-11e9-81a1-acde48001122,8201d68c-a88f-11e9-9eb8-acde48001122
neg/pos,neighbors-200,wikipedia_sgns_model,not_certain,0.5783434728,,-,False,-,bullheads,bullhead,132,True,True,True,2,0,2,0.7878787878787878,0.7878787878787878,,,conc,False,,,,820208b4-a88f-11e9-b8e6-acde48001122,8201d7fe-a88f-11e9-8d4b-acde48001122
neg/pos,neighbors-200,wikipedia_sgns_model,not_certain,0.5785383593,,-,False,-,lepomis,lepomis,172,True,True,True,0,0,1,1.0,1.0,,,abs,False,,,,820208d2-a88f-11e9-9f78-acde48001122,8201d010-a88f-11e9-a689-acde48001122
neg/pos,neighbors-200,wikipedia_sgns_model,not_certain,0.5792086015,,-,False,-,cyprinids,cyprinid,135,True,True,True,0,0,2,None,,,,conc,False,,,,820208fa-a88f-11e9-a240-acde48001122,8201e578-a88f-11e9-92a6-acde48001122
neg/pos,neighbors-200,wikipedia_sgns_model,not_certain,0.5798371979,,-,False,-,garfish,garfish,103,True,True,False,0,0,1,1.0,1.0,,,conc,False,,,,82020922-a88f-11e9-a5f4-acde48001122,8201d13a-a88f-11e9-a3b7-acde48001122
neg/pos,neighbors-200,wikipedia_sgns_model,not_certain,0.5804840954,,-,False,-,shortfin,shortfin,186,False,False,True,0,0,0,None,,,,-,False,,,,82020940-a88f-11e9-92d1-acde48001122,8201d880-a88f-11e9-aa6a-acde48001122
pos,is_found_in_seas,cslb_crowd_pos,certain,0.5817407692,,-,False,-,muskellunge,muskellunge,300,True,True,True,1,0,2,0.15384615384615385,0.15384615384615385,,,conc,False,,,,82020968-a88f-11e9-80b8-acde48001122,8201cf3e-a88f-11e9-ad09-acde48001122
neg/pos,neighbors-200,wikipedia_sgns_model,not_certain,0.5818440496,,-,False,-,bigeye,bigeye,305,True,True,True,0,0,1,1.0,1.0,,,conc,False,,,,82020990-a88f-11e9-b35c-acde48001122,8201e034-a88f-11e9-827b-acde48001122
neg/pos,neighbors-200,wikipedia_sgns_model,not_certain,0.5824882856,,-,False,-,astroblepus,astroblepus,119,False,False,True,0,0,0,None,,,,-,False,,,,820209ae-a88f-11e9-8f64-acde48001122,8201dcb8-a88f-11e9-becf-acde48001122
pos,is_found_in_seas,cslb_crowd_pos,certain,0.5830214858,,-,False,-,yellowfin,yellowfin,395,True,True,True,0,0,1,0.8888888888888888,0.8888888888888888,,,conc,False,,,,820209d8-a88f-11e9-9cfd-acde48001122,8201cd22-a88f-11e9-ace0-acde48001122
neg/pos,neighbors-200,wikipedia_sgns_model,not_certain,0.583964455,,-,False,-,sharpnose,sharpnose,110,False,False,True,0,0,0,None,,,,-,False,,,,820209fe-a88f-11e9-8aff-acde48001122,8201e780-a88f-11e9-9293-acde48001122
neg/pos,neighbors-200,wikipedia_sgns_model,not_certain,0.5839893763,,-,False,-,gastromyzon,gastromyzon,109,False,False,True,0,0,0,None,,,,-,False,,,,82020a1c-a88f-11e9-a0b6-acde48001122,8201ca52-a88f-11e9-a07d-acde48001122
pos,pos,manually_included,certain,0.5841015252,,-,False,-,whale,whale,15420,True,True,True,1,0,3,0.5217391304347826,0.5217391304347826,poly,,conc,False,610,500,,82020a46-a88f-11e9-9a7f-acde48001122,ac73e400-ce46-11e9-8a6e-acde48001122
neg/pos,neighbors-200,wikipedia_sgns_model,not_certain,0.5845943323,,-,False,-,fishery,fishery,7250,True,True,True,0,0,1,1.0,1.0,mon,non-met,conc,False,,,,82020a6c-a88f-11e9-8647-acde48001122,ac657424-ce46-11e9-8a6e-acde48001122
neg/pos,neighbors-200,wikipedia_sgns_model,not_certain,0.5847316606,,-,False,-,bluespotted,bluespott,107,False,False,False,0,0,0,None,,,,-,False,,,,82020a94-a88f-11e9-bd01-acde48001122,8201e514-a88f-11e9-8276-acde48001122
neg/pos,neighbors-200,wikipedia_sgns_model,not_certain,0.5853713417,,-,False,-,redhorse,redhorse,207,True,True,True,0,0,1,1.0,1.0,,,conc,False,,,,82020ab4-a88f-11e9-9ffe-acde48001122,8201ce12-a88f-11e9-8146-acde48001122
neg/pos,neighbors-200,wikipedia_sgns_model,not_certain,0.5854426932,,-,False,-,sawtail,sawtail,131,False,False,True,0,0,0,None,,,,-,False,,,,82020ada-a88f-11e9-b5be-acde48001122,8201d380-a88f-11e9-836e-acde48001122
neg/pos,neighbors-200,wikipedia_sgns_model,not_certain,0.5856566958,,-,False,-,pipefishes,pipefish,109,True,True,True,0,0,1,1.0,1.0,,,conc,False,,,,82020b02-a88f-11e9-8be8-acde48001122,8201d04c-a88f-11e9-a334-acde48001122
neg/pos,neighbors-200,wikipedia_sgns_model,not_certain,0.5863238152,,-,False,-,salmonidae,salmonidae,132,True,True,True,0,0,1,1.0,1.0,,,abs,False,,,,82020b28-a88f-11e9-b806-acde48001122,8201dcfe-a88f-11e9-ac0a-acde48001122
neg/pos,neighbors-200,wikipedia_sgns_model,not_certain,0.5867960006,,-,False,-,lobster,lobster,3817,True,True,True,1,0,2,0.2,0.2,poly,,conc,False,590,472,,82020b48-a88f-11e9-a2d4-acde48001122,ac6c3f70-ce46-11e9-8a6e-acde48001122
neg/pos,neighbors-200,wikipedia_sgns_model,not_certain,0.5892769029,,-,False,-,perciformes,perciforme,200,False,False,True,0,0,0,None,,,,-,False,,,,82020b70-a88f-11e9-a00e-acde48001122,8201e65e-a88f-11e9-830f-acde48001122
neg/pos,neighbors-200,wikipedia_sgns_model,not_certain,0.5898362752,,-,False,-,sculpins,sculpin,192,True,True,True,0,0,1,1.0,1.0,,,conc,False,,,,82020b98-a88f-11e9-ab0f-acde48001122,8201c962-a88f-11e9-9d39-acde48001122
neg/pos,neighbors-200,wikipedia_sgns_model,not_certain,0.589842755,,-,False,-,mysids,mysid,126,False,False,True,0,0,0,None,,,,-,False,,,,82020bc0-a88f-11e9-815a-acde48001122,8201cbec-a88f-11e9-a681-acde48001122
neg/pos,neighbors-200,wikipedia_sgns_model,not_certain,0.5902948733,,-,False,-,pelagic,pelagic,2200,True,False,False,0,0,1,1.0,1.0,mon,,-,False,,,,82020bde-a88f-11e9-9e7f-acde48001122,ac6e52b0-ce46-11e9-8a6e-acde48001122
pos,is_found_in_seas,cslb_crowd_pos,certain,0.5904367692,,-,False,-,mussels,mussel,2483,True,True,True,1,0,2,0.21052631578947367,0.21052631578947367,mon,non-met,conc,False,,,,82020c06-a88f-11e9-8586-acde48001122,ac6d3b28-ce46-11e9-8a6e-acde48001122
neg/pos,neighbors-200,wikipedia_sgns_model,not_certain,0.5909127663,,-,False,-,eel,eel,6510,True,True,True,1,0,2,0.18181818181818182,0.18181818181818182,mon,,conc,False,634,433,,82020c24-a88f-11e9-b3b8-acde48001122,ac64a846-ce46-11e9-8a6e-acde48001122
pos,is_found_in_seas,cslb_crowd_pos,certain,0.5916559144,,-,False,-,catfish,catfish,6112,True,True,True,2,0,3,0.16,0.3821376811594203,mon,,conc,False,614,416,411,82020c4c-a88f-11e9-a6ce-acde48001122,ac61fd12-ce46-11e9-8a6e-acde48001122
neg/pos,neighbors-200,wikipedia_sgns_model,not_certain,0.5926638148,,-,False,-,syngnathidae,syngnathidae,128,True,True,True,0,0,1,1.0,1.0,,,abs,False,,,,82020c74-a88f-11e9-bdb9-acde48001122,8201d952-a88f-11e9-ad34-acde48001122
neg/pos,neighbors-200,wikipedia_sgns_model,not_certain,0.592697057,,-,False,-,scorpionfish,scorpionfish,174,True,True,True,0,0,1,1.0,1.0,,,conc,False,,,,82020c92-a88f-11e9-8e5c-acde48001122,8201d8c6-a88f-11e9-bfbe-acde48001122
pos,is_found_in_seas,cslb_crowd_pos,certain,0.5929596985,,-,False,-,bluefin,bluefin,708,True,True,True,1,0,2,0.17391304347826086,0.17391304347826086,,,conc,False,,,,82020cba-a88f-11e9-8abf-acde48001122,8201c9d0-a88f-11e9-b21d-acde48001122
pos,is_found_in_seas,cslb_crowd_pos,certain,0.5947748872,,-,False,-,threadfin,threadfin,176,True,True,False,0,0,1,1.0,1.0,,,conc,False,,,,82020ce2-a88f-11e9-879b-acde48001122,8201e186-a88f-11e9-8801-acde48001122
neg/pos,neighbors-200,wikipedia_sgns_model,not_certain,0.5957283133,,-,False,-,catsharks,catshark,134,False,False,True,0,0,0,None,,,,-,False,,,,82020d00-a88f-11e9-8649-acde48001122,8201cf66-a88f-11e9-b3b8-acde48001122
neg/pos,neighbors-200,wikipedia_sgns_model,not_certain,0.5964701148,,-,False,-,acheilognathus,acheilognathu,127,False,False,False,0,0,0,None,,,,-,False,,,,82020d28-a88f-11e9-a0d4-acde48001122,8201d114-a88f-11e9-9893-acde48001122
neg/pos,neighbors-200,wikipedia_sgns_model,not_certain,0.5968699575,,-,False,-,squid,squid,4748,True,True,True,1,0,2,0.21052631578947367,0.21052631578947367,mon,,conc,False,,,,82020d50-a88f-11e9-8ae8-acde48001122,ac71b40a-ce46-11e9-8a6e-acde48001122
pos,is_found_in_seas is_found_in_seas is_found_in_seas is_found_in_seas,cslb_crowd_pos manually_included manually_included,certain,0.5993125389,,-,False,-,trout,trout,16785,True,True,True,1,0,2,0.2,0.2,poly,,conc,False,617,479,394,82020d6e-a88f-11e9-8546-acde48001122,ac72f93c-ce46-11e9-8a6e-acde48001122
pos,is_found_in_seas,cslb_crowd_pos,certain,0.59953128,,-,False,-,shellfish,shellfish,2843,True,True,True,1,0,2,0.25,0.25,poly,,conc,False,,,,82020d98-a88f-11e9-95f2-acde48001122,ac70fa4c-ce46-11e9-8a6e-acde48001122
neg/pos,neighbors-200,wikipedia_sgns_model,not_certain,0.5997064632,,-,False,-,xanthidae,xanthidae,137,False,False,True,0,0,0,None,,,,-,False,,,,82020dbe-a88f-11e9-bfed-acde48001122,8201d470-a88f-11e9-9040-acde48001122
neg/pos,neighbors-200,wikipedia_sgns_model,not_certain,0.600070574,,-,False,-,epinephelus,epinephelus,156,True,True,False,0,0,1,1.0,1.0,,,abs,False,,,,82020ddc-a88f-11e9-a523-acde48001122,8201d79a-a88f-11e9-b244-acde48001122
neg/pos,neighbors-200,wikipedia_sgns_model,not_certain,0.6001717561,,-,False,-,thunnus,thunnus,102,True,True,True,0,0,1,1.0,1.0,,,abs,False,,,,82020e06-a88f-11e9-975a-acde48001122,8201e26c-a88f-11e9-906b-acde48001122
neg/pos,neighbors-200,wikipedia_sgns_model,not_certain,0.6001722666,,-,False,-,snailfish,snailfish,100,True,True,True,0,0,1,1.0,1.0,,,conc,False,,,,82020e2c-a88f-11e9-a224-acde48001122,8201e3de-a88f-11e9-9254-acde48001122
neg/pos,neighbors-200,wikipedia_sgns_model,not_certain,0.6003653843,,-,False,-,bycatch,bycatch,899,True,True,True,0,0,1,1.0,1.0,,,conc,False,,,,82020e4a-a88f-11e9-89a5-acde48001122,8201d4f4-a88f-11e9-b6e4-acde48001122
neg/pos,neighbors-200,wikipedia_sgns_model,not_certain,0.6007691639,,-,False,-,demersal,demersal,910,False,False,True,0,0,0,None,,,,-,False,,,,82020e74-a88f-11e9-adf1-acde48001122,8201d0b0-a88f-11e9-b8c9-acde48001122
pos,is_found_in_seas,cslb_crowd_pos,certain,0.6040542468,,-,False,-,seabass,seabass,149,False,False,True,0,0,0,None,,,,-,False,,,,82020e9a-a88f-11e9-b199-acde48001122,8201c82c-a88f-11e9-8a6b-acde48001122
neg/pos,neighbors-200,wikipedia_sgns_model,not_certain,0.6042342562,,-,False,-,houndshark,houndshark,122,False,False,False,0,0,0,None,,,,-,False,,,,82020eb8-a88f-11e9-9e65-acde48001122,8201e622-a88f-11e9-984c-acde48001122
pos,is_found_in_seas,cslb_crowd_pos,certain,0.6058972103,,-,False,-,longfin,longfin,301,False,False,True,0,0,0,None,,,,-,False,,,,82020ee2-a88f-11e9-9d86-acde48001122,8201d346-a88f-11e9-90a4-acde48001122
neg/pos,neighbors-200,wikipedia_sgns_model,not_certain,0.6063418055,,-,False,-,needlefish,needlefish,106,True,True,False,1,0,2,0.9285714285714286,0.9285714285714286,,,conc,False,,,,82020f08-a88f-11e9-8bc8-acde48001122,8201d7e2-a88f-11e9-a098-acde48001122
neg/pos,neighbors-200,wikipedia_sgns_model,not_certain,0.6073733902,,-,False,-,crevalle,crevalle,157,False,False,False,0,0,0,None,,,,-,False,,,,82020f26-a88f-11e9-adb4-acde48001122,8201d274-a88f-11e9-882a-acde48001122
neg/pos,neighbors-200,wikipedia_sgns_model,not_certain,0.6074052286,,-,False,-,pleuronectidae,pleuronectidae,103,True,True,True,0,0,1,1.0,1.0,,,abs,False,,,,82020f4c-a88f-11e9-98aa-acde48001122,8201d092-a88f-11e9-b631-acde48001122
pos,is_found_in_seas,cslb_crowd_pos,certain,0.6075096027,,-,False,-,crustaceans,crustacean,4599,True,True,True,0,0,2,None,,mon,,conc,False,,,,82020f76-a88f-11e9-8f09-acde48001122,ac633cc2-ce46-11e9-8a6e-acde48001122
pos,is_found_in_seas,cslb_crowd_pos,certain,0.6077754228,,-,False,-,flatfish,flatfish,402,True,True,True,1,0,2,0.17391304347826086,0.17391304347826086,mon,,conc,False,,,,82020f94-a88f-11e9-93fd-acde48001122,ac658072-ce46-11e9-8a6e-acde48001122
neg/pos,neighbors-200,wikipedia_sgns_model,not_certain,0.6092250966,,-,False,-,freshwater,freshwater,20527,True,True,False,0,0,1,0.8181818181818182,0.8181818181818182,poly,non-met,abs,False,,,,82020fba-a88f-11e9-a5c1-acde48001122,ac65d018-ce46-11e9-8a6e-acde48001122
neg/pos,neighbors-200,wikipedia_sgns_model,not_certain,0.6119524208,,-,False,-,gamefish,gamefish,170,False,False,True,0,0,0,None,,,,-,False,,,,82020fe4-a88f-11e9-b971-acde48001122,8201ca0c-a88f-11e9-9cfb-acde48001122
neg/pos,neighbors-200,wikipedia_sgns_model,not_certain,0.6119861969,,-,False,-,goatfish,goatfish,114,True,True,True,0,0,1,0.8823529411764706,0.8823529411764706,,,conc,False,,,,82021002-a88f-11e9-a0b7-acde48001122,8201e5b4-a88f-11e9-8a9c-acde48001122
neg/pos,neighbors-200,wikipedia_sgns_model,not_certain,0.6120477067,,-,False,-,shortnose,shortnose,109,False,False,True,0,0,0,None,,,,-,False,,,,82021028-a88f-11e9-8bee-acde48001122,8201d7b8-a88f-11e9-9826-acde48001122
neg/pos,neighbors-200,wikipedia_sgns_model,not_certain,0.6122663291,,-,False,-,benthopelagic,benthopelagic,195,False,False,False,0,0,0,None,,,,-,False,,,,82021052-a88f-11e9-955d-acde48001122,8201c93a-a88f-11e9-8ac2-acde48001122
neg/pos,neighbors-200,wikipedia_sgns_model,not_certain,0.6124479156,,-,False,-,sebastes,sebaste,166,False,False,True,0,0,0,None,,,,-,False,,,,82021070-a88f-11e9-8ac7-acde48001122,8201c98a-a88f-11e9-9fbe-acde48001122
neg/pos,neighbors-200,wikipedia_sgns_model,not_certain,0.61344043,,-,False,-,gobiidae,gobiidae,132,True,True,False,0,0,1,1.0,1.0,,,abs,False,,,,82021098-a88f-11e9-908c-acde48001122,8201d48c-a88f-11e9-9040-acde48001122
neg/pos,neighbors-200,wikipedia_sgns_model,not_certain,0.6148494815,,-,False,-,lanternfish,lanternfish,119,True,True,False,0,0,1,1.0,1.0,,,conc,False,,,,820210c0-a88f-11e9-adb0-acde48001122,8201c73a-a88f-11e9-8ade-acde48001122
neg/pos,neighbors-200,wikipedia_sgns_model,not_certain,0.6149395368,,-,False,-,filefish,filefish,151,True,True,False,0,0,1,1.0,1.0,,,conc,False,,,,820210de-a88f-11e9-82e5-acde48001122,8201e140-a88f-11e9-9608-acde48001122
neg/pos,neighbors-200,wikipedia_sgns_model,not_certain,0.6156931795,,-,False,-,shark,shark,17480,True,True,True,2,0,5,0.13333333333333333,0.44666285278413426,homonyms_also_same_pos,,conc,False,611,516,,82021106-a88f-11e9-8544-acde48001122,ac70f358-ce46-11e9-8a6e-acde48001122
pos,is_found_in_seas,cslb_crowd_pos,certain,0.6163282587,,-,False,-,burbot,burbot,327,True,True,True,0,0,1,1.0,1.0,,,conc,False,,,,8202112e-a88f-11e9-9f2e-acde48001122,8201e050-a88f-11e9-899e-acde48001122
pos,is_found_in_seas,cslb_crowd_pos,certain,0.6175926647,,-,False,-,halibut,halibut,784,True,True,True,1,0,2,0.16,0.16,mon,,conc,False,,,,8202114c-a88f-11e9-a155-acde48001122,ac669a84-ce46-11e9-8a6e-acde48001122
pos,is_found_in_seas,cslb_crowd_pos,certain,0.6212793102,,-,False,-,crabs,crab,6017,True,True,True,3,0,11,0.09090909090909091,0.30423533066778,homonyms_also_same_pos,,abs-conc-n,False,,,,82021174-a88f-11e9-bd72-acde48001122,ac63199a-ce46-11e9-8a6e-acde48001122
neg/pos,neighbors-200,wikipedia_sgns_model,not_certain,0.625983784,,-,False,-,mackerel,mackerel,1880,True,True,True,1,0,2,0.16,0.16,poly,,conc,False,636,398,436,8202119c-a88f-11e9-ad0c-acde48001122,ac6c6e64-ce46-11e9-8a6e-acde48001122
neg/pos,neighbors-200,wikipedia_sgns_model,not_certain,0.6306923078,,-,False,-,sardinella,sardinella,147,False,False,True,0,0,0,None,,,,-,False,,,,820211ba-a88f-11e9-ae2d-acde48001122,8201d1dc-a88f-11e9-8163-acde48001122
neg/pos,neighbors-200,wikipedia_sgns_model,not_certain,0.6312733116,,-,False,-,perciform,perciform,149,False,False,True,0,0,0,None,,,,-,False,,,,820211e2-a88f-11e9-9929-acde48001122,8201dd1c-a88f-11e9-9f1a-acde48001122
neg/pos,neighbors-200,wikipedia_sgns_model,not_certain,0.641035429,,-,False,-,bluntnose,bluntnose,106,False,False,False,0,0,0,None,,,,-,False,,,,8202120a-a88f-11e9-9a73-acde48001122,8201d57e-a88f-11e9-abdb-acde48001122
neg/pos,neighbors-200,wikipedia_sgns_model,not_certain,0.6490771853,,-,False,-,fishes,fish,7370,True,True,True,3,3,6,0.23529411764705882,0.3643009283212733,homonyms_only_different_pos,non-met,conc-n,False,,,,82021228-a88f-11e9-b443-acde48001122,ac657366-ce46-11e9-8a6e-acde48001122
neg/pos,neighbors-200,wikipedia_sgns_model,not_certain,0.6556794775,,-,False,-,surfperch,surfperch,111,True,True,True,0,0,1,1.0,1.0,,,conc,False,,,,8202125a-a88f-11e9-bb81-acde48001122,8201e4cc-a88f-11e9-9bf2-acde48001122
neg/pos,neighbors-200,wikipedia_sgns_model,not_certain,0.659340615,,-,False,-,clupeidae,clupeidae,123,True,True,True,0,0,1,1.0,1.0,,,abs,False,,,,82021278-a88f-11e9-86bc-acde48001122,8201df92-a88f-11e9-bdff-acde48001122
pos,pos pos,manually_included manually_included,certain,0.6617096818,,-,False,-,shrimp,shrimp,7445,True,True,True,1,0,4,0.21052631578947367,0.3632157316367843,poly,,conc,False,629,546,,8202129e-a88f-11e9-8859-acde48001122,ac71131a-ce46-11e9-8a6e-acde48001122
pos,is_found_in_seas,cslb_crowd_pos,certain,0.7455049838,,-,False,-,fish,fish,132246,True,True,True,3,3,6,0.23529411764705882,0.3643009283212733,homonyms_only_different_pos,non-met,conc-n,False,597,548,,820212c8-a88f-11e9-829e-acde48001122,ac657366-ce46-11e9-8a6e-acde48001122
