run	group	batch	n_questions	n_questions_sublist	n_questions_batch	n_participants	minutes_planned	reward (pounds)	total_cost (pounds)	name_lingoturk	name_prolific	posted	results_downloaded	results_extracted	summary downloaded	approved	comment	Code	whitelist	n_lists
1	Experiment_1	0	30	30	30	5	6	0.55	3.85	True or false (run1-experiment1-batch0-30-30)	True or false?	yes	yes	yes	yes	yes	check how much time people spend	 then try 60 questions	n	1
1	Experiment_1	0	60	60	67	5	9 ((2*4)+1)	0.83	5.81	True or false (run1-experiment1-batch0-60-60)	True or false?	yes	yes	yes	yes	yes	attention checks not added - fixed in the code		n	1
1	Experiment_1	0	70	70	71	5	7	0.65	4.55	True or false (run1-experiment1-batch0-70-70)	True or false?	yes	yes	yes	yes	yes	weird quotation marks - fixed for next batchs (in add_prolific_url.py)		n	1
1	Experiment_1	1	70	70	78	5	11 (7 questions/minute)	1.02	7.14	True or false (run1-experiment1-batch1-70-70)	True or false?	yes	yes	yes	yes	yes	not enough time		n	1
1	Experiment_1	2	70	70	71	5	11(6.5 questions/minute)	1.02	7.14	True or false (run1-experiment1-batch2-70-70)	True or false?	yes	yes	yes	yes	yes	fixed wrong part example		n	1
1	Experiment_1	0	140	70	146	5	11 (7 questions/minute)	1.02	14.28	True or false (run1-experiment1-batch0-140-70)	True or false?	yes	yes	yes	yes	yes	most annotators did both batches - not really fair...		n	1
1	Experiment_1	0	70	70	71	5	10	0.92	6.44	True or false (run1-experiment1-batch0-70-70-new)	True or false?	yes	yes	yes	yes	yes			n	1
1	Experiment_1	1	70	70	71	5	10	0.92	6.44	True or false (run1-experiment1-batch1-70-70-new)	True or false?	yes	yes	yes	yes	yes			n	1
1	Experiment_1	2	70	70	71	5	10	0.92	6.44	True or false (run1-experiment1-batch2-70-70-new)	True or false?	yes	yes	yes	yes	yes			n	1
1	Experiment_1	3	70	70	78	5	11 (7 questions/minute)	1.02	7.14	True or false (run1-experiment1-batch3_1-70-70)	True or false?	yes	yes	yes	yes	yes			n	1
1	Experiment_1	4	70	70	71	5	10	0.92	6.44	True or false (run1-experiment1-batch4_1-70-70)	True or false?	yes	yes	yes	yes	yes			n	1
1	Experiment_1	5	70	70	75	5	11 (7 questions/minute)	1.02	7.14	True or false (run1-experiment1-batch5_1-70-70)	True or false?	yes	yes	yes	yes	yes			n	1
1	Experiment_1	6	70	70	78	5	11 (7 questions/minute)	1.02	7.14	True or false (run1-experiment1-batch6_1-70-70)	True or false?	yes	yes	yes	yes	yes			n	1
1	Experiment_1	7	70	70	71	5	10	0.92	6.44	True or false (run1-experiment1-batch7_1-70-70)	True or false?	yes	yes	yes	yes	yes			n	1
1	Experiment_1	8	70	70	71	5	10	0.92	6.44	True or false (run1-experiment1-batch8_1-70-70)	True or false?	yes	yes	yes	yes	yes			n	1
1	Experiment_1	9	70	70	71	5	10	0.92	6.44	True or false (run1-experiment1-batch9_1-70-70)	True or false?	yes	yes	yes	yes	yes			n	1
1	Experiment_1	10	70	70	72	5	10	0.92	6.44	True or false (run1-experiment1-batch10_1-70-70)	True or false?	yes	yes	yes	yes	yes			n	1
1	Experiment_1	11	70	70	74	5	11 (7 questions/minute)	1.02	7.14	True or false (run1-experiment1-batch11_1-70-70)	True or false?	yes	yes	yes	yes	yes			n	1
1	Experiment_1	12	70	70	78	5	11 (7 questions/minute)	1.02	7.14	True or false (run1-experiment1-batch12_1-70-70)	True or false?	yes	yes	yes	yes	yes	REJECTED one participant because the study was completed in 25 seconds - active again - redownload when done		n	1
1	Experiment_1	13	70	70	78	5	11 (7 questions/minute)	1.02	7.44	True or false (run1-experiment1-batch13_1-70-70)	True or false?	yes	yes	yes	yes	yes			n	1
1	Experiment_1	14	70	70	71	5	10	0.92	6.44	True or false (run1-experiment1-batch14_1-70-70)	True or false?	yes	yes	yes	yes	yes			n	1
1	Experiment_1	15	70	70	78	5	11 (7 questions/minute)	1.02	7.44	True or false (run1-experiment1-batch15_1-70-70)	True or false?	yes	yes	yes	yes	yes	Feedback on rejectionaparently bug in lingoturk... too many submissions at the same time? 		n	1
1	Experiment_1	16	70	70	71	5	10	0.92	6.44	True or false (run1-experiment1-batch16_1-70-70)	True or false?	yes	yes	yes	yes	yes	rejected one participant 		n	1
1	Experiment_1	17	70	70	71	5	10	0.92	6.44	True or false (run1-experiment1-batch17_1-70-70)	True or false?	yes	yes	yes	yes	yes			n	1
1	Experiment_1	18	70	70	71	5	10	0.92	6.44	True or false (run1-experiment1-batch18_1-70-70)	True or false?	yes	yes	yes	yes	yes			n	1
1	Experiment_1	19	70	70	78	5	11 (7 questions/minute)	1.02	7.14	True or false (run1-experiment1-batch19_1-70-70)	True or false?	yes	yes	yes	yes	yes			n	1
1	Experiment_1	20	70	70	71	5	10	0.92	6.44	True or false (run1-experiment1-batch20_1-70-70)	True or false?	yes	yes	yes	yes	yes			n	1
1	Experiment_1	21	70	70	71	5	10	0.92	6.44	True or false (run1-experiment1-batch21_1-70-70)	True or false (run1-experiment1-batch21_1-70-70)	yes	yes	yes	yes	yes	 rejected task updated and downloaded		n	1
1	Experiment_1	22	70	70	77	5	11 (7 questions/minute)	1.02	7.14	True or false (run1-experiment1-batch22_1-70-70)	True or false (run1-experiment1-batch22_1-70-70)	yes	yes	yes	yes	yes			n	1
1	Experiment_1	23	70	70	78	5	11 (7 questions/minute)	1.02	7.14	True or false (run1-experiment1-batch23_1-70-70)	True or false (run1-experiment1-batch23_1-70-70)	yes	yes	yes	yes	yes			n	1
1	Experiment_1	24	70	70	78	5	11 (7 questions/minute)	1.02	7.14	True or false (run1-experiment1-batch24_1-70-70)	True or false (run1-experiment1-batch24_1-70-70)	yes	yes	yes	yes	yes			n	1
1	Experiment_1	25	70	70	71	5	10	0.92	6.44	True or false (run1-experiment1-batch25_1-70-70)	True or false (run1-experiment1-batch25_1-70-70)	yes	yes	yes	yes	yes			n	1
1	Experiment_1	26	70	70	71	5	10	0.92	6.44	True or false (run1-experiment1-batch26_1-70-70)	True or false (run1-experiment1-batch26_1-70-70)	yes	yes	yes	yes	yes			n	1
1	Experiment_1	27	70	70	71	5	10	0.92	6.44	True or false (run1-experiment1-batch27_1-70-70)	True or false (run1-experiment1-batch27_1-70-70)	yes	yes	yes	yes	yes			n	1
1	Experiment_1	28	70	70	78	5	11 (7 questions/minute)	1.02	7.14	True or false (run1-experiment1-batch28_1-70-70)	True or false (run1-experiment1-batch28_1-70-70)	yes	yes	yes	yes	yes			n	1
1	Experiment_1	29	70	70	78	5	11 (7 questions/minute)	1.02	7.14	True or false (run1-experiment1-batch29_1-70-70)	True or false (run1-experiment1-batch29_1-70-70)	yes	yes	yes	yes	yes			n	1
1	Experiment_1	30	70	70	71	5	10	0.92	6.44	True or false (run1-experiment1-batch30_1-70-70)	True or false (run1-experiment1-batch30_1-70-70)	yes	yes	yes	yes	yes			n	1
1	Experiment_1	31	70	70	71	5	10	0.92	6.44	True or false (run1-experiment1-batch31_1-70-70)	True or false (run1-experiment1-batch31_1-70-70)	yes	yes	yes	yes	yes			n	1
1	Experiment_1	32	70	70	71	5	10	0.92	6.44	True or false (run1-experiment1-batch32_1-70-70)	True or false (run1-experiment1-batch32_1-70-70)	yes	yes	yes	yes	yes			n	1
1	Experiment_1	33	70	70	78	5	11 (7 questions/minute)	1.02	7.14	True or false (run1-experiment1-batch33_1-70-70)	True or false (run1-experiment1-batch33_1-70-70)	yes	yes				NOCODE submission - emailed worker - needs to be downloaded again. 		n	1
1	Experiment_1	34	70	70	78	5	11 (7 questions/minute)	1.02	7.14	True or false (run1-experiment1-batch34_1-70-70)	True or false (run1-experiment1-batch34_1-70-70)	yes	yes	yes	yes	yes			n	1
1	Experiment_1	35	70	70	78	5	11 (7 questions/minute)	1.02	7.14	True or false (run1-experiment1-batch35_1-70-70)	True or false (run1-experiment1-batch35_1-70-70)	yes	yes	yes	yes	yes			n	1
1	Experiment_1	36	70	70	78	5	11 (7 questions/minute)	1.02	7.14	True or false (run1-experiment1-batch36_1-70-70)	True or false (run1-experiment1-batch36_1-70-70)	yes	yes	yes	yes	yes			n	1
1	Experiment_1	37	70	70	74	5	11 (7 questions/minute)	1.02	7.14	True or false (run1-experiment1-batch37_1-70-70)	True or false (run1-experiment1-batch37_1-70-70)	yes	yes	yes	yes	yes			n	1
1	Experiment_1	38	70	70	71	5	10	0.92	6.44	True or false (run1-experiment1-batch38_1-70-70)	True or false (run1-experiment1-batch38_1-70-70)	yes	yes	yes	yes	yes	Monika: 5c91321c0375460001034cb8 - wrote Biuro Raj - done		n	1
1	Experiment_1	39	70	70	71	5	10	0.92	6.44	True or false (run1-experiment1-batch39_1-70-70)	True or false (run1-experiment1-batch39_1-70-70)	yes	yes	yes	yes	yes			n	1
1	Experiment_1	40	70	70	75	5	11 (7 questions/minute)	1.02	7.14	True or false (run1-experiment1-batch40_1-70-70)	True or false (run1-experiment1-batch40_1-70-70)	yes	yes	yes	yes	yes			n	1
1	Experiment_1	41	70	70	71	5	10	0.92	6.44	True or false (run1-experiment1-batch41_1-70-70)	True or false (run1-experiment1-batch41_1-70-70)	yes	yes	yes	yes	yes			n	1
1	Experiment_1	42	70	70	78	5		1.02	7.14	True or false (run1-experiment1-batch42_1-70-70)	True or false (run1-experiment1-batch42_1-70-70)	yes	yes	yes	yes	yes			n	1
1	Experiment_1	43	70	70	78	5	11 (7 questions/minute)	1.02	7.14	True or false (run1-experiment1-batch43_1-70-70)	True or false (run1-experiment1-batch43_1-70-70)	yes	yes	yes	yes	yes			n	1
1	Experiment_1	44	70	70	78	5	11 (7 questions/minute)	1.02	7.14	True or false (run1-experiment1-batch44_1-70-70)	True or false (run1-experiment1-batch44_1-70-70)	yes	yes	yes	yes	yes			n	1
1	Experiment_1	45	70	70	78	5	11 (7 questions/minute)	1.02	7.14	True or false (run1-experiment1-batch45_1-70-70)	True or false (run1-experiment1-batch45_1-70-70)	yes	yes	yes	yes	yes			n	1
1	Experiment_1	46	70	70	71	5	10	0.92	6.44	True or false (run1-experiment1-batch46_1-70-70)	True or false (run1-experiment1-batch46_1-70-70)	yes	yes	yes	yes	yes			n	1
1	Experiment_1	47	70	70	71	5	10	0.92	6.44	True or false (run1-experiment1-batch47_1-70-70)	True or false (run1-experiment1-batch47_1-70-70)	yes	yes	yes	yes	yes			n	1
1	Experiment_1	48	70	70	71	5	10	0.92	6.44	True or false (run1-experiment1-batch48_1-70-70)	True or false (run1-experiment1-batch48_1-70-70)	yes	yes	yes	yes	yes			n	1
1	Experiment_1	49	70	70	71	5	10	0.92	6.44	True or false (run1-experiment1-batch49_1-70-70)	True or false (run1-experiment1-batch49_1-70-70)	yes	yes	yes	yes	yes			n	1
1	Experiment_1	50	70	70	8	5	1	0.1	0.7	True or false (run1-experiment1-batch50_1-70-70)	True or false (run1-experiment1-batch50_1-70-70)	yes	yes	yes	yes	yes			n	1
2	Experiment_1	0	70	70	80	5	11 (7 questions/minute)	1.02		Agree or disagree (run2-experiment1-batch0-70-70)	Agree or disagree (run2-experiment1-batch0-70-70)	yes	yes	yes	yes	yes			n	1
2	Experiment_1	0	70	70	80	10	11 (7 questions/minute)	1.02		Agree or disagree (run2-experiment1-batch0-70-70_new)	Agree or disagree (run2-experiment1-batch0-70-70_new)	yes	yes	yes	yes	yes			n	1
3	Experiment_1	0	70	70	81	10	12	1.11	14.8	Agree or disagree (run3-experiment1-batch0-70-70)	Agree or disagree (run3-experiment1-batch0-70-70)	yes	yes	yes	yes	yes			n	1
3	Experiment_1	1	70	70	76	10	11 (7 questions/minute)	1.02	13.6	Agree or disagree (run3-experiment1-batch1-70-70)	Agree or disagree (run3-experiment1-batch1-70-70)	yes	yes	yes	yes	yes			n	1
3	Experiment_1	2	70	70	72	10	10	0.92	12.27	Agree or disagree (run3-experiment1-batch2-70-70)	Agree or disagree (run3-experiment1-batch2-70-70)	yes	yes	yes	yes	yes			n	1
3	Experiment_1	3	70	70	75	10	11 (7 questions/minute)	1.02	13.6	Agree or disagree (run3-experiment1-batch3-70-70)	Agree or disagree (run3-experiment1-batch3-70-70)	yes	yes	yes	yes	yes			n	1
3	Experiment_1	4	70	70	72	10	10	0.92	12.27	Agree or disagree (run3-experiment1-batch4-70-70)	Agree or disagree (run3-experiment1-batch4-70-70)	yes	yes	yes	yes	yes			n	1
3	Experiment_1	5	70	70	80	10	11 (7 questions/minute)	1.02	13.6	Agree or disagree (run3-experiment1-batch5-70-70)	Agree or disagree (run3-experiment1-batch5-70-70)	yes	yes	yes	yes	yes			n	1
3	Experiment_1	6	70	70	79	10	11 (7 questions/minute)	1.02	13.6	Agree or disagree (run3-experiment1-batch6-70-70)	Agree or disagree (run3-experiment1-batch6-70-70)	yes	yes	yes	yes	yes	warned worker 5c1d4d88508cfd000103dc47 because of many contradictions		n	1
3	Experiment_1	7	70	70	80	10	11 (7 questions/minute)	1.02	13.6	Agree or disagree (run3-experiment1-batch7-70-70)	Agree or disagree (run3-experiment1-batch7-70-70)	yes	yes	yes	yes	yes			n	1
3	Experiment_1	8	70	70	80	10	11 (7 questions/minute)	1.02	13.6	Agree or disagree (run3-experiment1-batch8-70-70)	Agree or disagree (run3-experiment1-batch8-70-70)	yes	yes	yes	yes	yes			n	1
3	Experiment_1	9	70	70	75	10	11 (7 questions/minute)	1.02	13.6	Agree or disagree (run3-experiment1-batch9-70-70)	Agree or disagree (run3-experiment1-batch9-70-70)	yes	yes	yes	yes	yes	change beer example to a different color (green might be an actual St. Patrick's day association)	 add warning to instructions	n	1
3	Experiment_1	10	70	70	75	10	11 (7 questions/minute)	1.02	13.6	Agree or disagree (run3-experiment1-batch10-70-70)	Agree or disagree (run3-experiment1-batch10-70-70)	yes	yes	yes	yes	yes			n	1
3	Experiment_1	11	70	70	79	10	11 (7 questions/minute)	1.02	13.6	Agree or disagree (run3-experiment1-batch11-70-70)	Agree or disagree (run3-experiment1-batch11-70-70)	yes	yes	yes	yes	yes			n	1
3	Experiment_1	12	70	70	72	10	10	0.92	12.27	Agree or disagree (run3-experiment1-batch12-70-70)	Agree or disagree (run3-experiment1-batch12-70-70)	yes	yes	yes	yes	yes			n	1
3	Experiment_1	13	70	70	76	10	11 (7 questions/minute)	1.02	13.8	Agree or disagree (run3-experiment1-batch13-70-70)	Agree or disagree (run3-experiment1-batch13-70-70)	yes	yes	yes	yes	yes			n	1
3	Experiment_1	14	70	70	75	10	11 (7 questions/minute)	1.02	13.8	Agree or disagree (run3-experiment1-batch14-70-70)	Agree or disagree (run3-experiment1-batch14-70-70)	yes	yes	yes	yes	yes			n	1
3	Experiment_1	15	70	70	80	10	11 (7 questions/minute)	1.02	13.8	Agree or disagree (run3-experiment1-batch15-70-70)	Agree or disagree (run3-experiment1-batch15-70-70)	yes	yes	yes	yes	yes			n	1
3	Experiment_1	16	70	70	79	10	11 (7 questions/minute)	1.02	13.8	Agree or disagree (run3-experiment1-batch16-70-70)	Agree or disagree (run3-experiment1-batch16-70-70)	yes	yes	yes	yes	yes			n	1
3	Experiment_1	17	70	70	80	10	11 (7 questions/minute)	1.02	13.8	Agree or disagree (run3-experiment1-batch17-70-70)	Agree or disagree (run3-experiment1-batch17-70-70)	yes	yes	yes	yes	yes	updated examples - test questions missing from this batch		n	1
3	Experiment_1	18	70	70	80	10	11 (7 questions/minute)	1.02	13.8	Agree or disagree (run3-experiment1-batch18-70-70)	Agree or disagree (run3-experiment1-batch18-70-70)	yes	yes	yes	yes	yes	fixed test questions 		n	1
3	Experiment_1	19	70	70	75	10	11 (7 questions/minute)	1.02	13.8	Agree or disagree (run3-experiment1-batch19-70-70)	Agree or disagree (run3-experiment1-batch19-70-70)	yes	yes	yes	yes	yes			n	1
3	Experiment_1	20	70	70	74	10	11 (7 questions/minute)	1.02	13.8	Agree or disagree (run3-experiment1-batch20-70-70)	Agree or disagree (run3-experiment1-batch20-70-70)	yes	yes	yes	yes	yes			n	1
3	Experiment_1	21	70	70	73	10	10	0.92	12.27	Agree or disagree (run3-experiment1-batch21-70-70)	Agree or disagree (run3-experiment1-batch21-70-70)	yes	yes	yes	yes	yes	fixed single-question bug		n	1
3	Experiment_1	22	70	70	72	10	10	0.92	12.27	Agree or disagree (run3-experiment1-batch22-70-70)	Agree or disagree (run3-experiment1-batch22-70-70)	yes	yes	yes	yes	yes			n	1
3	Experiment_1	23	70	70	68	10	10	0.92	12.27	Agree or disagree (run3-experiment1-batch23-70-70)	Agree or disagree (run3-experiment1-batch23-70-70)	yes	yes	yes	yes	yes			n	1
3	Experiment_1	24	70	70	72	10	10	0.92	12.27	Agree or disagree (run3-experiment1-batch24-70-70)	Agree or disagree (run3-experiment1-batch24-70-70)	yes	yes	yes	yes	yes			n	1
3	Experiment_1	25	70	70	72	10	10	0.92	12.27	Agree or disagree (run3-experiment1-batch25-70-70)	Agree or disagree (run3-experiment1-batch25-70-70)	yes	yes	yes	yes	yes	first batch from new repository: SPT_annotation		n	1
3	Experiment_1	26	70	70	72	10	10	0.92	12.27	Agree or disagree (run3-experiment1-batch26-70-70)	Agree or disagree (run3-experiment1-batch26-70-70)	yes	yes	yes	yes	yes			n	1
3	Experiment_1	27	70	70	72	10	10	0.92	12.27	Agree or disagree (run3-experiment1-batch27-70-70)	Agree or disagree (run3-experiment1-batch27-70-70)	yes	yes	yes	yes	yes			n	1
3	Experiment_1	28	70	70	72	10	10	0.92	12.27	Agree or disagree (run3-experiment1-batch28-70-70)	Agree or disagree (run3-experiment1-batch28-70-70)	yes	yes	yes	yes	yes			n	1
3	Experiment_1	29	70	70	72	10	10	0.92	12.27	Agree or disagree (run3-experiment1-batch29-70-70)	Agree or disagree (run3-experiment1-batch29-70-70)	yes	yes	yes	yes	yes			n	1
3	Experiment_1	30	70	70	78	10	11 (7 questions/minute)	1.02	13.8	Agree or disagree (run3-experiment1-batch30-70-70)	Agree or disagree (run3-experiment1-batch30-70-70)	yes	yes	yes	yes	yes			n	1
3	Experiment_1	31	70	70	72	10	10	0.92	12.27	Agree or disagree (run3-experiment1-batch31-70-70)	Agree or disagree (run3-experiment1-batch31-70-70)	yes	yes	yes	yes	yes			n	1
3	Experiment_1	32	70	70	72	10	10	0.92	12.27	Agree or disagree (run3-experiment1-batch32-70-70)	Agree or disagree (run3-experiment1-batch32-70-70)	yes	yes	yes	yes	yes			n	1
3	Experiment_1	33	70	70	72	10	10	0.92	12.27	Agree or disagree (run3-experiment1-batch33-70-70)	Agree or disagree (run3-experiment1-batch33-70-70)	yes	yes	yes	yes	yes			n	1
3	Experiment_1	34	70	70	72	10	10	0.92	12.27	Agree or disagree (run3-experiment1-batch34-70-70)	Agree or disagree (run3-experiment1-batch34-70-70)	yes	yes	yes	yes	yes			n	1
3	Experiment_1	35	70	70	72	10	10	0.92	12.27	Agree or disagree (run3-experiment1-batch35-70-70)	Agree or disagree (run3-experiment1-batch35-70-70)	yes	yes	yes	yes	yes	started encouraging good workers to continue working on this task		n	1
3	Experiment_1	36	70	70	72	10	10	0.92	12.27	Agree or disagree (run3-experiment1-batch36-70-70)	Agree or disagree (run3-experiment1-batch36-70-70)	yes	yes	yes	yes	yes			n	1
3	Experiment_1	37	70	70	72	10	10	0.92	12.27	Agree or disagree (run3-experiment1-batch37-70-70)	Agree or disagree (run3-experiment1-batch37-70-70)	yes	yes	yes	yes	yes			n	1
3	Experiment_1	38	70	70	72	10	10	0.92	12.27	Agree or disagree (run3-experiment1-batch38-70-70)	Agree or disagree (run3-experiment1-batch38-70-70)	yes	yes	yes	yes	yes			n	1
3	Experiment_1	39	70	70	72	10	10	0.92	12.27	Agree or disagree (run3-experiment1-batch39-70-70)	Agree or disagree (run3-experiment1-batch39-70-70)	yes	yes	yes	yes	yes			n	1
3	Experiment_1	40	70	70	72	10	10	0.92	12.27	Agree or disagree (run3-experiment1-batch40-70-70)	Agree or disagree (run3-experiment1-batch40-70-70)	yes	yes	yes	yes	yes			n	1
3	Experiment_1	41	70	70	72	10	10	0.92	12.27	Agree or disagree (run3-experiment1-batch41-70-70)	Agree or disagree (run3-experiment1-batch41-70-70)	yes	yes	yes	yes	yes			n	1
3	Experiment_1	42	70	70	72	10	10	0.92	12.27	Agree or disagree (run3-experiment1-batch42-70-70)	Agree or disagree (run3-experiment1-batch42-70-70)	yes	yes	yes	yes	yes			n	1
3	Experiment_1	43	70	70	74	10	11 (7 questions/minute)	1.02	13.06	Agree or disagree (run3-experiment1-batch43-70-70)	Agree or disagree (run3-experiment1-batch43-70-70)	yes	yes	yes	yes	yes			n	1
3	Experiment_1	44	70	70	78	10	11 (7 questions/minute)	1.02	13.06	Agree or disagree (run3-experiment1-batch44-70-70)	Agree or disagree (run3-experiment1-batch44-70-70)	yes	yes	yes	yes	yes			n	1
3	Experiment_1	45	70	70	78	10	11 (7 questions/minute)	1.02	13.06	Agree or disagree (run3-experiment1-batch45-70-70)	Agree or disagree (run3-experiment1-batch45-70-70)	yes	yes	yes	yes	yes			n	1
3	Experiment_1	46	70	70	72	10	10	0.92	12.27	Agree or disagree (run3-experiment1-batch46-70-70)	Agree or disagree (run3-experiment1-batch46-70-70)	yes	yes	yes	yes	yes			n	1
3	Experiment_1	47	70	70	72	10	10	0.92	12.27	Agree or disagree (run3-experiment1-batch47-70-70)	Agree or disagree (run3-experiment1-batch47-70-70)	yes	yes	yes	yes	yes	applied pre-filtering: only participants fluent in English - much better results  - test if this holds		n	1
3	Experiment_1	48	70	70	72	10	10	0.92	12.27	Agree or disagree (run3-experiment1-batch48-70-70)	Agree or disagree (run3-experiment1-batch48-70-70)	yes	yes	yes	yes	yes	fluent English		n	1
3	Experiment_1	49	70	70	78	10	10	1.02	13.05	Agree or disagree (run3-experiment1-batch49-70-70)	Agree or disagree (run3-experiment1-batch49-70-70)	yes	yes	yes	yes	yes	fluent English		n	1
3	Experiment_1	50	70	70	72	10	10	0.92	12.27	Agree or disagree (run3-experiment1-batch50-70-70)	Agree or disagree (run3-experiment1-batch50-70-70)	yes	yes	yes	yes	yes	fluent English		n	1
			70	70	78	10	11 (7 questions/minute)	1.02	13.05	Agree or disagree (run3-experiment1-batch51-70-70)	Agree or disagree (run3-experiment1-batch51-70-70)	yes	yes	yes	yes	yes	f		n	1
			67	67	72	10	10	0.92	12.27	Agree or disagree (run3-experiment1-batch52-67-67)	Agree or disagree (run3-experiment1-batch52-67-67)	yes	yes	yes	yes	yes			n	1
			67	67	72	10	10	0.92	12.27	Agree or disagree (run3-experiment1-batch53-67-67)	Agree or disagree (run3-experiment1-batch53-67-67)	yes	yes	yes	yes	yes			n	1
			67	67	70	10	10	0.92	12.27	Agree or disagree (run3-experiment1-batch54-67-67)	Agree or disagree (run3-experiment1-batch54-67-67)	yes	yes	yes	yes	yes			n	1
			67	67	64	10	9	0.83	11.07	Agree or disagree (run3-experiment1-batch55-67-67)	Agree or disagree (run3-experiment1-batch55-67-67)	yes	yes	yes	yes	yes			n	1
					72	10	10	0.92	12.27	Agree or disagree (run3-experiment1-batch56-67-67)	Agree or disagree (run3-experiment1-batch56-67-67)	yes	yes	yes	yes	yes			n	1
					72	10	10	0.92	12.27	Agree or disagree (run3-experiment1-batch57-70-70)	Agree or disagree (run3-experiment1-batch57-70-70)	yes	yes	yes	yes	yes			n	1
					48	10	10	0.65	12.27	Agree or disagree (run3-experiment1-batch58-70-70)	Agree or disagree (run3-experiment1-batch58-70-70)	yes	yes	yes	yes	yes			n	1
4	Experiment_2	1	70	70	72	10	10	0.92	12.27	Agree or disagree (run4-experiment1-batch1-70-70)	Agree or disagree (run4-experiment1-batch1-70-70)	yes	yes	yes	yes	yes	high quality workers all took more than 10 minutes. I think we have to change the time indication a bit.		n	1
4	Experiment_2	2	70	70	72	10	11	1.02	13.05	Agree or disagree (run4-experiment1-batch2-70-70)	Agree or disagree (run4-experiment1-batch2-70-70)	yes	yes	yes	yes	yes			n	1
4	Experiment_2	3	70	70	72	10	11 (7 questions/minute)	1.02	13.05	Agree or disagree (run4-experiment1-batch3-70-70)	Agree or disagree (run4-experiment1-batch3-70-70)	yes	yes	yes	yes	yes			n	1
4	Experiment_2	4	70	70	76	10	12	1.08	14.4	Agree or disagree (run4-experiment2-batch4-70-70)	Agree or disagree (run4-experiment2-batch4-70-70)	yes	yes	yes	yes	yes			n	1
4	Experiment_2	5	70	70	76	10	12	1.08	14.4	Agree or disagree (run4-experiment2-batch5-70-70)	Agree or disagree (run4-experiment2-batch5-70-70)	yes	yes	yes	yes	yes			n	1
4	Experiment_2	6	70	70	72	10	10	1.09	14.54	Agree or disagree (run4-experiment2-batch6-70-70)	Agree or disagree (run4-experiment2-batch6-70-70)	yes	yes	yes	yes	yes	adapted payment caculation based on minimum wage UK (8.21 pounds/hour)		n	1
4	Experiment_2	7	70	70	77	10	10	1.15	15.34	Agree or disagree (run4-experiment2-batch7-70-70)	Agree or disagree (run4-experiment2-batch7-70-70)	yes	yes	yes	yes	yes			n	1
4	Experiment_2	8	70	70	78	10	10	1.18	15.47	Agree or disagree (run4-experiment2-batch8-70-70)	Agree or disagree (run4-experiment2-batch8-70-70)	yes	yes	yes	yes	yes			n	1
4	Experiment_2	9	70	70	72	10	10	1.09	14.54	Agree or disagree (run4-experiment2-batch9-70-70)	Agree or disagree (run4-experiment2-batch9-70-70)	yes	yes	yes	yes	yes			n	1
4	Experiment_2	10	70	70	72	10	10	1.09	14.54	Agree or disagree (run4-experiment2-batch10-70-70)	Agree or disagree (run4-experiment2-batch10-70-70)	yes							n	1
4	experiment2	11	70	70	76	10	10.1333333333	1.1526666667	15.34	Agree or disagree (run4-experiment2-batch11-70-70)	Agree or disagree (run4-experiment2-batch11-70-70)	yes						https://app.prolific.co/submissions/complete?cc=4CE57169	n	1
4	experiment2	12	70		72	10	9.6	1.092	14.54	Agree or disagree (run4-experiment2-batch12-70-70)	Agree or disagree (run4-experiment2-batch12-70-70)	yes						https://app.prolific.co/submissions/complete?cc=4ED188C0	n	1
4	experiment2	13	70		76	10	10.1333333333	1.1526666667	15.34	Agree or disagree (run4-experiment2-batch13-70-70)	Agree or disagree (run4-experiment2-batch13-70-70)	yes						https://app.prolific.co/submissions/complete?cc=45FE20B0	n	1
4	experiment2	14	70		72	10	9.6	1.092	14.54	Agree or disagree (run4-experiment2-batch14-70-70)	Agree or disagree (run4-experiment2-batch14-70-70)	yes						https://app.prolific.co/submissions/complete?cc=4C7ED9C9	n	1
4	experiment2	15	70		76	10	10.1333333333	1.1526666667	15.34	Agree or disagree (run4-experiment2-batch15-70-70)	Agree or disagree (run4-experiment2-batch15-70-70)	yes						https://app.prolific.co/submissions/complete?cc=5D88FF27	n	1
4	experiment2	16	70		76	10	10.1333333333	1.1526666667	15.34	Agree or disagree (run4-experiment2-batch16-70-70)	Agree or disagree (run4-experiment2-batch16-70-70)	yes						https://app.prolific.co/submissions/complete?cc=274BCD71	n	1
4	experiment2	17	70		72	10	9.6	1.092	14.54	Agree or disagree (run4-experiment2-batch17-70-70)	Agree or disagree (run4-experiment2-batch17-70-70)	yes						https://app.prolific.co/submissions/complete?cc=7CD84CEB	n	1
4	experiment2	18	70		74	10	9.8666666667	1.1223333333	14.94	Agree or disagree (run4-experiment2-batch18-70-70)	Agree or disagree (run4-experiment2-batch18-70-70)	yes						https://app.prolific.co/submissions/complete?cc=6F86CD4A	n	1
4	experiment2	19	70		72	10	9.6	1.092	14.54	Agree or disagree (run4-experiment2-batch19-70-70)	Agree or disagree (run4-experiment2-batch19-70-70)	yes						https://app.prolific.co/submissions/complete?cc=68413E16	n	1
4	experiment2	20	70		74	10	9.8666666667	1.1223333333	14.94	Agree or disagree (run4-experiment2-batch20-70-70)	Agree or disagree (run4-experiment2-batch20-70-70)	yes						https://app.prolific.co/submissions/complete?cc=4CD22441	n	1
4	experiment2	21	70		72	10	9.6	1.092	14.54	Agree or disagree (run4-experiment2-batch21-70-70)	Agree or disagree (run4-experiment2-batch21-70-70)	yes						https://app.prolific.co/submissions/complete?cc=2B817CD0	n	1
4	experiment2	22	70		78	10	10.4	1.183	15.74	Agree or disagree (run4-experiment2-batch22-70-70)	Agree or disagree (run4-experiment2-batch22-70-70)	yes						https://app.prolific.co/submissions/complete?cc=80193A08	n	1
4	experiment2	23	70		76	10	10.1333333333	1.1526666667	15.34	Agree or disagree (run4-experiment2-batch23-70-70)	Agree or disagree (run4-experiment2-batch23-70-70)	yes						https://app.prolific.co/submissions/complete?cc=81FFB5EE	n	1
4	experiment2	24	70		76	10	10.1333333333	1.1526666667	15.34	Agree or disagree (run4-experiment2-batch24-70-70)	Agree or disagree (run4-experiment2-batch24-70-70)	yes						https://app.prolific.co/submissions/complete?cc=6E22BBA0	n	1
4	experiment2	25	70		72	10	9.6	1.092	14.54	Agree or disagree (run4-experiment2-batch25-70-70)	Agree or disagree (run4-experiment2-batch25-70-70)	yes						https://app.prolific.co/submissions/complete?cc=2CBCD767	n	1
4	experiment2	26	70		78	10	10.4	1.183	15.74	Agree or disagree (run4-experiment2-batch26-70-70)	Agree or disagree (run4-experiment2-batch26-70-70)	yes						https://app.prolific.co/submissions/complete?cc=764B3989	y	1
4	experiment2	27	70		74	10	9.8666666667	1.1223333333	14.94	Agree or disagree (run4-experiment2-batch27-70-70)	Agree or disagree (run4-experiment2-batch27-70-70)	yes						https://app.prolific.co/submissions/complete?cc=73EF4704	y	1
4	experiment2	28	70		76	10	10.1333333333	1.1526666667	15.34	Agree or disagree (run4-experiment2-batch28-70-70)	Agree or disagree (run4-experiment2-batch28-70-70)	yes						https://app.prolific.co/submissions/complete?cc=14E0D7A0	y	1
4	experiment2	29	70		72	10	9.6	1.092	14.54	Agree or disagree (run4-experiment2-batch29-70-70)	Agree or disagree (run4-experiment2-batch29-70-70)	yes						https://app.prolific.co/submissions/complete?cc=2F09CDF6	y	1
4	experiment2	30	70		72	10	9.6	1.092	14.54	Agree or disagree (run4-experiment2-batch30-70-70)	Agree or disagree (run4-experiment2-batch30-70-70)	yes							y	1
4	experiment2	31	70		72	10	9.6	1.092	14.54	Agree or disagree (run4-experiment2-batch31-70-70)	Agree or disagree (run4-experiment2-batch31-70-70)	yes						https://app.prolific.co/submissions/complete?cc=7C045683	y	1
4	experiment2	32	70		72	10	9.6	1.092	14.54	Agree or disagree (run4-experiment2-batch32-70-70)	Agree or disagree (run4-experiment2-batch32-70-70)	yes						https://app.prolific.co/submissions/complete?cc=57AB71C3	y	1
4	experiment2	33	70		78	10	10.4	1.183	15.74	Agree or disagree (run4-experiment2-batch33-70-70)	Agree or disagree (run4-experiment2-batch33-70-70)	yes						https://app.prolific.co/submissions/complete?cc=3F4ECC3D	y	1
4	experiment2	34	70		80	10	10.6666666667	1.2133333333	16.14	Agree or disagree (run4-experiment2-batch34-70-70)	Agree or disagree (run4-experiment2-batch34-70-70)	yes						https://app.prolific.co/submissions/complete?cc=44E7C615	y	1
4	experiment2	35	70		72	10	9.6	1.092	14.54	Agree or disagree (run4-experiment2-batch35-70-70)	Agree or disagree (run4-experiment2-batch35-70-70)	yes						https://app.prolific.co/submissions/complete?cc=10DE510D	y	1
4	experiment2	36	70		78	10	10.4	1.183	15.87	Agree or disagree (run4-experiment2-batch36-70-70)	Agree or disagree (run4-experiment2-batch36-70-70)	yes						https://app.prolific.co/submissions/complete?cc=18960480	y	1
4	experiment2	37	70		76	10	10.1333333333	1.1526666667	15.34	Agree or disagree (run4-experiment2-batch37-70-70)	Agree or disagree (run4-experiment2-batch37-70-70)	yes						https://app.prolific.co/submissions/complete?cc=48527619	y	1
4	experiment2	38	70		72	10	9.6	1.092	14.54	Agree or disagree (run4-experiment2-batch38-70-70)	Agree or disagree (run4-experiment2-batch38-70-70)	yes						https://app.prolific.co/submissions/complete?cc=1A74BB8B	y	1
4	experiment2	39	70		78	10	10.4	1.183	15.74	Agree or disagree (run4-experiment2-batch39-70-70)	Agree or disagree (run4-experiment2-batch39-70-70)	yes						https://app.prolific.co/submissions/complete?cc=2EA63580	y	1
4	experiment2	40	70		72	10	9.6	1.092	14.54	Agree or disagree (run4-experiment2-batch40-70-70)	Agree or disagree (run4-experiment2-batch40-70-70)	yes						https://app.prolific.co/submissions/complete?cc=57858969	y	1
4	experiment2	41	70		76	10	10.1333333333	1.1526666667	15.34	Agree or disagree (run4-experiment2-batch41-70-70)	Agree or disagree (run4-experiment2-batch41-70-70)	yes						https://app.prolific.co/submissions/complete?cc=61366969	y	1
4	experiment2	42	70		74	10	9.8666666667	1.1223333333	14.94	Agree or disagree (run4-experiment2-batch42-70-70)	Agree or disagree (run4-experiment2-batch42-70-70)	yes						https://app.prolific.co/submissions/complete?cc=88A0C35B	y	1
4	experiment2	43	70		74	10	9.8666666667	1.1223333333	14.94	Agree or disagree (run4-experiment2-batch43-70-70)	Agree or disagree (run4-experiment2-batch43-70-70)	yes						https://app.prolific.co/submissions/complete?cc=54ABECBC	y	1
4	experiment2	44	70		78	10	10.4	1.183	15.74	Agree or disagree (run4-experiment2-batch44-70-70)	Agree or disagree (run4-experiment2-batch44-70-70)	yes						https://app.prolific.co/submissions/complete?cc=6CAEA9B3	y	1
4	experiment2	45	70		72	10	9.6	1.092	14.54	Agree or disagree (run4-experiment2-batch45-70-70)	Agree or disagree (run4-experiment2-batch45-70-70)	yes						https://app.prolific.co/submissions/complete?cc=360E83AF	y	1
4	experiment2	46	70		76	10	10.1333333333	1.1526666667	16.87	Agree or disagree (run4-experiment2-batch46-70-70)	Agree or disagree (run4-experiment2-batch46-70-70)	yes						https://app.prolific.co/submissions/complete?cc=4C4744C5	y	1
4	experiment2	47	70		72	10	9.6	1.092	14.54	Agree or disagree (run4-experiment2-batch47-70-70)	Agree or disagree (run4-experiment2-batch47-70-70)	yes						https://app.prolific.co/submissions/complete?cc=69EFF800	y	1
4	experiment2	48	70		78	10	10.4	1.183	15.74	Agree or disagree (run4-experiment2-batch48-70-70)	Agree or disagree (run4-experiment2-batch48-70-70)	yes						https://app.prolific.co/submissions/complete?cc=71A06BAE	y	1
4	experiment2	49	70		78	10	10.4	1.183	15.74	Agree or disagree (run4-experiment2-batch49-70-70)	Agree or disagree (run4-experiment2-batch49-70-70)	yes						https://app.prolific.co/submissions/complete?cc=2F79D175	y	1
4	experiment2	50	70		76	10	10.1333333333	1.1526666667	15.34	Agree or disagree (run4-experiment2-batch50-70-70)	Agree or disagree (run4-experiment2-batch50-70-70)	yes						https://app.prolific.co/submissions/complete?cc=7330D882	y	1
4	experiment2	51	70		76	10	10.1333333333	1.1526666667	15.34	Agree or disagree (run4-experiment2-batch51-70-70)	Agree or disagree (run4-experiment2-batch51-70-70)	yes						https://app.prolific.co/submissions/complete?cc=93E23F1E	y	1
4	experiment2	52	70		72	10	9.6	1.092	14.54	Agree or disagree (run4-experiment2-batch52-70-70)	Agree or disagree (run4-experiment2-batch52-70-70)	yes						https://app.prolific.co/submissions/complete?cc=495536AE	y	1
4	experiment2	53	70		78	10	10.4	1.183	15.74	Agree or disagree (run4-experiment2-batch53-70-70)	Agree or disagree (run4-experiment2-batch53-70-70)	yes						https://app.prolific.co/submissions/complete?cc=2D9B689F	y	1
4	experiment2	54	70		72	10	9.6	1.092	14.54	Agree or disagree (run4-experiment2-batch54-70-70)	Agree or disagree (run4-experiment2-batch54-70-70)	yes						https://app.prolific.co/submissions/complete?cc=2115F67F	y	1
4	experiment2	55	70		76	10	10.1333333333	1.1526666667	15.34	Agree or disagree (run4-experiment2-batch55-70-70)	Agree or disagree (run4-experiment2-batch55-70-70)	yes						https://app.prolific.co/submissions/complete?cc=2D3C09E5	y	1
4	experiment2	56	70		76	10	10.1333333333	1.1526666667	15.34	Agree or disagree (run4-experiment2-batch56-70-70)	Agree or disagree (run4-experiment2-batch56-70-70)	yes						../worker_interaction/whitelist.txt	y	1
4	experiment2	57	70		74	10	9.8666666667	1.1223333333	14.94	Agree or disagree (run4-experiment2-batch57-70-70)	Agree or disagree (run4-experiment2-batch57-70-70)	yes						https://app.prolific.co/submissions/complete?cc=1637468F	y	1
4	experiment2	58	70		72	10	9.6	1.092	14.54	Agree or disagree (run4-experiment2-batch58-70-70)	Agree or disagree (run4-experiment2-batch58-70-70)	yes						https://app.prolific.co/submissions/complete?cc=52A75958	y	1
4	experiment2	59	70		72	10	9.6	1.092	14.54	Agree or disagree (run4-experiment2-batch59-70-70)	Agree or disagree (run4-experiment2-batch59-70-70)	yes						https://app.prolific.co/submissions/complete?cc=726BACAD	y	1
4	experiment2	60	70		72	10	9.6	1.092	14.54	Agree or disagree (run4-experiment2-batch60-70-70)	Agree or disagree (run4-experiment2-batch60-70-70)	yes						https://app.prolific.co/submissions/complete?cc=7C351DA4	y	1
4	experiment2	61	70		80	10	10.6666666667	1.2133333333	16.14	Agree or disagree (run4-experiment2-batch61-70-70)	Agree or disagree (run4-experiment2-batch61-70-70)	yes						https://app.prolific.co/submissions/complete?cc=4008B89B	y	1
4	experiment2	62	70		76	10	10.1333333333	1.1526666667	15.34	Agree or disagree (run4-experiment2-batch62-70-70)	Agree or disagree (run4-experiment2-batch62-70-70)	yes						https://app.prolific.co/submissions/complete?cc=E4F68C4B	y	1
4	experiment2	63	70		76	10	10.1333333333	1.1526666667	15.34	Agree or disagree (run4-experiment2-batch63-70-70)	Agree or disagree (run4-experiment2-batch63-70-70)	yes						https://app.prolific.co/submissions/complete?cc=7503427D	y	1
4	experiment2	64	70		72	10	9.6	1.092	14.54	Agree or disagree (run4-experiment2-batch64-70-70)	Agree or disagree (run4-experiment2-batch64-70-70)	yes						https://app.prolific.co/submissions/complete?cc=7F983D52	y	1
4	experiment2	65	70		76	10	10.1333333333	1.1526666667	15.34	Agree or disagree (run4-experiment2-batch65-70-70)	Agree or disagree (run4-experiment2-batch65-70-70)	yes						https://app.prolific.co/submissions/complete?cc=30724E91	y	1
4	experiment2	66	70		76	10	10.1333333333	1.1526666667	15.34	Agree or disagree (run4-experiment2-batch66-70-70)	Agree or disagree (run4-experiment2-batch66-70-70)	yes						https://app.prolific.co/submissions/complete?cc=4DEB626A	y	1
4	experiment2	67	70		78	10	10.4	1.183	15.74	Agree or disagree (run4-experiment2-batch67-70-70)	Agree or disagree (run4-experiment2-batch67-70-70)	yes						https://app.prolific.co/submissions/complete?cc=14FAB14B	y	1
4	experiment2	68	70		72	10	9.6	1.092	14.54	Agree or disagree (run4-experiment2-batch68-70-70)	Agree or disagree (run4-experiment2-batch68-70-70)	yes						https://app.prolific.co/submissions/complete?cc=66EE7E3B	y	1
4	experiment2	69	70		74	10	9.8666666667	1.1223333333	14.94	Agree or disagree (run4-experiment2-batch69-70-70)	Agree or disagree (run4-experiment2-batch69-70-70)	yes						https://app.prolific.co/submissions/complete?cc=1C772392	y	1
4	experiment2	70	70		76	10	10.1333333333	1.1526666667	15.34	Agree or disagree (run4-experiment2-batch70-70-70)	Agree or disagree (run4-experiment2-batch70-70-70)	yes						https://app.prolific.co/submissions/complete?cc=3FC673A7	y	1
4	experiment2	71	70		72	10	9.6	1.092	14.54	Agree or disagree (run4-experiment2-batch71-70-70)	Agree or disagree (run4-experiment2-batch71-70-70)	yes						https://app.prolific.co/submissions/complete?cc=889A127E	y	1
4	experiment2	72	70		76	10	10.1333333333	1.1526666667	15.34	Agree or disagree (run4-experiment2-batch72-70-70)	Agree or disagree (run4-experiment2-batch72-70-70)	yes						https://app.prolific.co/submissions/complete?cc=7C990967	y	1
4	experiment2	73	70		80	10	10.6666666667	1.2133333333	16.14	Agree or disagree (run4-experiment2-batch73-70-70)	Agree or disagree (run4-experiment2-batch73-70-70)	yes						https://app.prolific.co/submissions/complete?cc=309AA0E4	y	1
4	experiment2	74	70		76	10	10.1333333333	1.1526666667	15.34	Agree or disagree (run4-experiment2-batch74-70-70)	Agree or disagree (run4-experiment2-batch74-70-70)	yes						https://app.prolific.co/submissions/complete?cc=1774D900	y	1
4	experiment2	75	70		72	10	9.6	1.092	14.54	Agree or disagree (run4-experiment2-batch75-70-70)	Agree or disagree (run4-experiment2-batch75-70-70)	yes						https://app.prolific.co/submissions/complete?cc=23A28020	y	1
4	experiment2	76	70		80	10	10.6666666667	1.2133333333	16.14	Agree or disagree (run4-experiment2-batch76-70-70)	Agree or disagree (run4-experiment2-batch76-70-70)	yes						https://app.prolific.co/submissions/complete?cc=6CA77F08	y	1
4	experiment2	77	70		72	10	9.6	1.092	14.54	Agree or disagree (run4-experiment2-batch77-70-70)	Agree or disagree (run4-experiment2-batch77-70-70)	yes						https://app.prolific.co/submissions/complete?cc=1D2394C9	y	1
4	experiment2	78	70		72	10	9.6	1.092	14.54	Agree or disagree (run4-experiment2-batch78-70-70)	Agree or disagree (run4-experiment2-batch78-70-70)	yes						https://app.prolific.co/submissions/complete?cc=8F8B292D	y	1
4	experiment2	79	70		80	10	10.6666666667	1.2133333333	16.14	Agree or disagree (run4-experiment2-batch79-70-70)	Agree or disagree (run4-experiment2-batch79-70-70)	yes						https://app.prolific.co/submissions/complete?cc=3FE4CBF4	y	1
4	experiment2	80	70		76	10	10.1333333333	1.1526666667	15.34	Agree or disagree (run4-experiment2-batch80-70-70)	Agree or disagree (run4-experiment2-batch80-70-70)	yes						https://app.prolific.co/submissions/complete?cc=1C565633	y	1
4	experiment2	81	70		72	10	9.6	1.092	14.54	Agree or disagree (run4-experiment2-batch81-70-70)	Agree or disagree (run4-experiment2-batch81-70-70)	yes						https://app.prolific.co/submissions/complete?cc=5745A310	y	1
4	experiment2	82	70		74	10	9.8666666667	1.1223333333	14.94	Agree or disagree (run4-experiment2-batch82-70-70)	Agree or disagree (run4-experiment2-batch82-70-70)	yes						https://app.prolific.co/submissions/complete?cc=2BB3BD3C	y	1
4	experiment2	83	70		72	10	9.6	1.092	14.54	Agree or disagree (run4-experiment2-batch83-70-70)	Agree or disagree (run4-experiment2-batch83-70-70)	yes						https://app.prolific.co/submissions/complete?cc=1EADC981	y	1
4	experiment2	84	70		72	10	9.6	1.092	14.54	Agree or disagree (run4-experiment2-batch84-70-70)	Agree or disagree (run4-experiment2-batch84-70-70)	yes						https://app.prolific.co/submissions/complete?cc=2DCB57F4	y	1
4	experiment2	85	70		78	10	10.4	1.183	15.74	Agree or disagree (run4-experiment2-batch85-70-70)	Agree or disagree (run4-experiment2-batch85-70-70)	yes						https://app.prolific.co/submissions/complete?cc=4905133A	y	1
4	experiment2	86	70		80	10	10.6666666667	1.2133333333	16.14	Agree or disagree (run4-experiment2-batch86-70-70)	Agree or disagree (run4-experiment2-batch86-70-70)	yes						https://app.prolific.co/submissions/complete?cc=57390014	y	1
4	experiment2	87	70		78	10	10.4	1.183	15.74	Agree or disagree (run4-experiment2-batch87-70-70)	Agree or disagree (run4-experiment2-batch87-70-70)	yes						https://app.prolific.co/submissions/complete?cc=394465EF	n	1
4	experiment2	88	70		80	10	10.6666666667	1.2133333333	16.14	Agree or disagree (run4-experiment2-batch88-70-70)	Agree or disagree (run4-experiment2-batch88-70-70)	yes						https://app.prolific.co/submissions/complete?cc=419A02F6	n	1
4	experiment2	89	70		76	10	10.1333333333	1.1526666667	15.34	Agree or disagree (run4-experiment2-batch89-70-70)	Agree or disagree (run4-experiment2-batch89-70-70)	yes						https://app.prolific.co/submissions/complete?cc=52F87243	y	1
4	experiment2	90	70		72	10	9.6	1.092	14.54	Agree or disagree (run4-experiment2-batch90-70-70)	Agree or disagree (run4-experiment2-batch90-70-70)	yes						https://app.prolific.co/submissions/complete?cc=2792D5B9	n	1
4	experiment2	91	70		76	10	10.1333333333	1.1526666667	15.34	Agree or disagree (run4-experiment2-batch91-70-70)	Agree or disagree (run4-experiment2-batch91-70-70)	yes						https://app.prolific.co/submissions/complete?cc=4D86F2EE	n	1
4	experiment2	92	70		76	10	10.1333333333	1.1526666667	15.34	Agree or disagree (run4-experiment2-batch92-70-70)	Agree or disagree (run4-experiment2-batch92-70-70)	yes						https://app.prolific.co/submissions/complete?cc=16321CAD	y	1
4	experiment2	93	70		78	10	10.4	1.183	15.74	Agree or disagree (run4-experiment2-batch93-70-70)	Agree or disagree (run4-experiment2-batch93-70-70)	yes						https://app.prolific.co/submissions/complete?cc=53C679A9	n	1
4	experiment2	94	70		80	10	10.6666666667	1.2133333333	16.14	Agree or disagree (run4-experiment2-batch94-70-70)	Agree or disagree (run4-experiment2-batch94-70-70)	yes						https://app.prolific.co/submissions/complete?cc=503E3F3A	n	1
4	experiment2	95	70		76	10	10.1333333333	1.1526666667	15.34	Agree or disagree (run4-experiment2-batch95-70-70)	Agree or disagree (run4-experiment2-batch95-70-70)	yes						https://app.prolific.co/submissions/complete?cc=58B85E3B	y	1
4	experiment2	96	70		80	10	10.6666666667	1.2133333333	16.14	Agree or disagree (run4-experiment2-batch96-70-70)	Agree or disagree (run4-experiment2-batch96-70-70)	yes						https://app.prolific.co/submissions/complete?cc=35E4F807	n	1
4	experiment2	97	70		78	10	10.4	1.183	15.74	Agree or disagree (run4-experiment2-batch97-70-70)	Agree or disagree (run4-experiment2-batch97-70-70)	yes						https://app.prolific.co/submissions/complete?cc=4B07BDDA	n	1
4	experiment2	98	70		76	10	10.1333333333	1.1526666667	15.34	Agree or disagree (run4-experiment2-batch98-70-70)	Agree or disagree (run4-experiment2-batch98-70-70)	yes						https://app.prolific.co/submissions/complete?cc=56775D74	y	1
4	experiment2	176	70		76	10	10.1333333333	1.1526666667	15.34	Agree or disagree (run4-experiment2-batch176-70-70)	Agree or disagree (run4-experiment2-batch176-70-70)	yes						https://app.prolific.co/submissions/complete?cc=76FCA547	y	1
4	experiment2	177	70		80	10	10.6666666667	1.2133333333	16.14	Agree or disagree (run4-experiment2-batch177-70-70)	Agree or disagree (run4-experiment2-batch177-70-70)	yes						https://app.prolific.co/submissions/complete?cc=2E8F9DB1	t	1
4	experiment2	178	70		72	10	9.6	1.092	14.54	Agree or disagree (run4-experiment2-batch178-70-70)	Agree or disagree (run4-experiment2-batch178-70-70)	yes						https://app.prolific.co/submissions/complete?cc=610BF475	y	1
4	experiment2	179	70		74	10	9.8666666667	1.1223333333	14.94	Agree or disagree (run4-experiment2-batch179-70-70)	Agree or disagree (run4-experiment2-batch179-70-70)	yes						https://app.prolific.co/submissions/complete?cc=8DB64425	y	1
4	experiment2	180	70		74	10	9.8666666667	1.1223333333	14.94	Agree or disagree (run4-experiment2-batch180-70-70)	Agree or disagree (run4-experiment2-batch180-70-70)	yes						https://app.prolific.co/submissions/complete?cc=5F55CF4C	y	1
4	experiment2	181	70		72	10	9.6	1.092	14.54	Agree or disagree (run4-experiment2-batch181-70-70)	Agree or disagree (run4-experiment2-batch181-70-70)	yes						https://app.prolific.co/submissions/complete?cc=88820C5B	y	1
4	experiment2	182	70		70	10	9.3333333333	1.0616666667	12.72	Agree or disagree (run4-experiment2-batch182-70-70)	Agree or disagree (run4-experiment2-batch182-70-70)	yes						https://app.prolific.co/submissions/complete?cc=280CB657	y	1
4	experiment2	183	70		6	10	0.8	0.091	1.3	Agree or disagree (run4-experiment2-batch183-70-70)	Agree or disagree (run4-experiment2-batch183-70-70)	yes						https://app.prolific.co/submissions/complete?cc=8AD27948	y	1
																		https://piasommerauer.github.io/annotation	n	1
5_pilot	experiment3		20						9.6	Agree or disagree (run5_pilot-experiment3-batch1-20-20)	Agree or disagree (run5_pilot-experiment3-batch1-20-20)	yes						https://app.prolific.co/submissions/complete?cc=16AB8CE1	y	2
5_pilot	experiment3	2	70		144	10	9.6	1.092	29.07	Agree or disagree (run5_pilot-experiment3-batch2-70-2)	Agree or disagree (run5_pilot-experiment3-batch2-70-2)	yes						https://app.prolific.co/submissions/complete?cc=460F6C9E	y	2
5_pilot	experiment3	3	70		222	10	9.8666666667	1.1223333333	44.8	Agree or disagree (run5_pilot-experiment3-batch3-70-3)	Agree or disagree (run5_pilot-experiment3-batch3-70-3)	yes						https://app.prolific.co/submissions/complete?cc=58F63022	y	3
5_pilot	experiment3	4	70		226	10	10.0444444444	1.1425555556	45.6	Agree or disagree (run5_pilot-experiment3-batch4-70-3)	Agree or disagree (run5_pilot-experiment3-batch4-70-3)	yes						https://app.prolific.co/submissions/complete?cc=42393618	y	3
5_pilot	experiment3	5	70		224	10	9.9555555556	1.1324444444	45.2	Agree or disagree (run5_pilot-experiment3-batch5-70-3)	Agree or disagree (run5_pilot-experiment3-batch5-70-3)	yes						https://app.prolific.co/submissions/complete?cc=7F86B5EF	y	3
5_pilot	experiment3	6	70		216	10	9.6	1.092	43.6	Agree or disagree (run5_pilot-experiment3-batch6-70-3)	Agree or disagree (run5_pilot-experiment3-batch6-70-3)	yes						https://app.prolific.co/submissions/complete?cc=117BFCA6	y	3
5_pilot	experiment3	7	70		222	10	9.8666666667	1.1223333333	44.8	Agree or disagree (run5_pilot-experiment3-batch7-70-3)	Agree or disagree (run5_pilot-experiment3-batch7-70-3)	yes						https://app.prolific.co/submissions/complete?cc=8E184374	y	3
5_pilot	experiment3	8	70		216	10	8.4	1.092	43.6	Agree or disagree (run5_pilot-experiment3-batch8-70-3)	Agree or disagree (run5_pilot-experiment3-batch8-70-3)	yes						https://app.prolific.co/submissions/complete?cc=58B2FF30	y	3
5_pilot	experiment3	9	70		222	10	8.6333333333	1.1223333333	45.2	Agree or disagree (run5_pilot-experiment3-batch9-70-3)	Agree or disagree (run5_pilot-experiment3-batch9-70-3)	yes						https://app.prolific.co/submissions/complete?cc=494280B9	y	3
5_pilot	experiment3	10	70		224	10	8.7111111111	1.1324444444	45.2	Agree or disagree (run5_pilot-experiment3-batch10-70-3)	Agree or disagree (run5_pilot-experiment3-batch10-70-3)	yes						https://app.prolific.co/submissions/complete?cc=6FA5C987	y	3
5_pilot	experiment3	11	70		220	10	8.5555555556	1.1122222222	44.4	Agree or disagree (run5_pilot-experiment3-batch11-70-3)	Agree or disagree (run5_pilot-experiment3-batch11-70-3)	yes						https://app.prolific.co/submissions/complete?cc=1CEB31A4	y	3
5_pilot	experiment3	12	70		222	10	8.6333333333	1.1223333333	44.8	Agree or disagree (run5_pilot-experiment3-batch12-70-3)	Agree or disagree (run5_pilot-experiment3-batch12-70-3)	yes						https://app.prolific.co/submissions/complete?cc=E412658A	y	3
5_pilot	experiment3	13	70		222	10	8.6333333333	1.1223333333	44.8	Agree or disagree (run5_pilot-experiment3-batch13-70-3)	Agree or disagree (run5_pilot-experiment3-batch13-70-3)	yes						https://app.prolific.co/submissions/complete?cc=1D7B7226	y	3
5_pilot	experiment3	14	70		222	10	8.6333333333	1.1223333333	44.8	Agree or disagree (run5_pilot-experiment3-batch14-70-3)	Agree or disagree (run5_pilot-experiment3-batch14-70-3)	yes						https://app.prolific.co/submissions/complete?cc=468CC8AC	y	3
5_pilot	experiment3	15	70		220	10	8.5555555556	1.1122222222	44.4	Agree or disagree (run5_pilot-experiment3-batch15-70-3)	Agree or disagree (run5_pilot-experiment3-batch15-70-3)	yes						https://app.prolific.co/submissions/complete?cc=5DA12891	y	3
5_pilot	experiment3	16	70		222	10	8.6333333333	1.1223333333	44.8	Agree or disagree (run5_pilot-experiment3-batch16-70-3)	Agree or disagree (run5_pilot-experiment3-batch16-70-3)	yes						https://app.prolific.co/submissions/complete?cc=28419ACA	y	3
5_pilot	experiment3	17	70		218	10	8.4777777778	1.1021111111	44	Agree or disagree (run5_pilot-experiment3-batch17-70-3)	Agree or disagree (run5_pilot-experiment3-batch17-70-3)	yes						https://app.prolific.co/submissions/complete?cc=15A01397	y	3
5_pilot	experiment3	18	70		222	10	8.633333333333333	1.1223333333333332	44.8	Agree or disagree (run5_pilot-experiment3-batch18-70-3)	Agree or disagree (run5_pilot-experiment3-batch18-70-3)	yes						https://app.prolific.co/submissions/complete?cc=5AB157E5	y	3
5_pilot	experiment3	19	70		220	10	8.555555555555554	1.112222222222222	44.4	Agree or disagree (run5_pilot-experiment3-batch19-70-3)	Agree or disagree (run5_pilot-experiment3-batch19-70-3)	yes						https://app.prolific.co/submissions/complete?cc=22908CA4	y	3
5_pilot	experiment3	20	70		218	10	8.477777777777778	1.102111111111111	44.0	Agree or disagree (run5_pilot-experiment3-batch20-70-3)	Agree or disagree (run5_pilot-experiment3-batch20-70-3)	yes						https://app.prolific.co/submissions/complete?cc=56A5180C	y	3
5_pilot	experiment3	21	70		220	10	8.555555555555554	1.112222222222222	44.4	Agree or disagree (run5_pilot-experiment3-batch21-70-3)	Agree or disagree (run5_pilot-experiment3-batch21-70-3)	yes						https://app.prolific.co/submissions/complete?cc=7D45A602	y	3
5_pilot	experiment3	22	70		216	10	8.4	1.0919999999999999	43.6	Agree or disagree (run5_pilot-experiment3-batch22-70-3)	Agree or disagree (run5_pilot-experiment3-batch22-70-3)	yes						https://app.prolific.co/submissions/complete?cc=71C29134	y	3
5_pilot	experiment3	23	70		220	30	8.555555555555554	1.112222222222222	44.4	Agree or disagree (run5_pilot-experiment3-batch23-70-3)	Agree or disagree (run5_pilot-experiment3-batch23-70-3)	yes						https://app.prolific.co/submissions/complete?cc=361012B0	y	3
5_pilot	experiment3	24	70		222	10	8.633333333333333	1.1223333333333332	44.8	Agree or disagree (run5_pilot-experiment3-batch24-70-3)	Agree or disagree (run5_pilot-experiment3-batch24-70-3)	yes						https://app.prolific.co/submissions/complete?cc=4B4BA123	y	3
5_pilot	experiment3	25	70		216	30	8.4	1.0919999999999999	43.6	Agree or disagree (run5_pilot-experiment3-batch25-70-3)	Agree or disagree (run5_pilot-experiment3-batch25-70-3)	yes						https://app.prolific.co/submissions/complete?cc=6A5B4D0C	y	3
5_pilot	experiment3	26	70		216	10	8.4	1.0919999999999999	43.6	Agree or disagree (run5_pilot-experiment3-batch26-70-3)	Agree or disagree (run5_pilot-experiment3-batch26-70-3)	yes						https://app.prolific.co/submissions/complete?cc=1E4A92B3	y	3
5_pilot	experiment3	27	70		366	10	8.54	1.1101999999999999	74.0	Agree or disagree (run5_pilot-experiment3-batch27-70-5)	Agree or disagree (run5_pilot-experiment3-batch27-70-5)	yes						https://app.prolific.co/submissions/complete?cc=103B4878	y	5
5_pilot	experiment3	28	70		362	10	8.446666666666667	1.0980666666666667	72.67	Agree or disagree (run5_pilot-experiment3-batch28-70-5)	Agree or disagree (run5_pilot-experiment3-batch28-70-5)	yes						https://app.prolific.co/submissions/complete?cc=1AB8703D	y	5
5_pilot	experiment3	29	70		368	10	8.586666666666666	1.1162666666666665	74.67	Agree or disagree (run5_pilot-experiment3-batch29-70-5)	Agree or disagree (run5_pilot-experiment3-batch29-70-5)	yes						https://app.prolific.co/submissions/complete?cc=D61E2717	y	5
5_pilot	experiment3	30	70		362	10	8.446666666666667	1.0980666666666667	73.34	Agree or disagree (run5_pilot-experiment3-batch30-70-5)	Agree or disagree (run5_pilot-experiment3-batch30-70-5)	yes						https://app.prolific.co/submissions/complete?cc=34452087	y	5
5_pilot	experiment3	31	70		362	10	8.446666666666667	1.0980666666666667	73.34	Agree or disagree (run5_pilot-experiment3-batch31-70-5)	Agree or disagree (run5_pilot-experiment3-batch31-70-5)	yes						https://app.prolific.co/submissions/complete?cc=5BFD5672	y	5
5_pilot	experiment3	32	70		366	10	8.54	1.1101999999999999	74.0	Agree or disagree (run5_pilot-experiment3-batch32-70-5)	Agree or disagree (run5_pilot-experiment3-batch32-70-5)	yes						https://app.prolific.co/submissions/complete?cc=748ED6A0	y	5
5_pilot	experiment3	33	70		364	10	8.493333333333332	1.1041333333333332	73.34	Agree or disagree (run5_pilot-experiment3-batch33-70-5)	Agree or disagree (run5_pilot-experiment3-batch33-70-5)	yes						https://app.prolific.co/submissions/complete?cc=87229C73	y	5
5_pilot	experiment3	34	70		368	10	8.586666666666666	1.1162666666666665	74.67	Agree or disagree (run5_pilot-experiment3-batch34-70-5)	Agree or disagree (run5_pilot-experiment3-batch34-70-5)	yes						https://app.prolific.co/submissions/complete?cc=4793C382	y	5
5_pilot	experiment3	35	70		364	10	8.493333333333332	1.1041333333333332	73.34	Agree or disagree (run5_pilot-experiment3-batch35-70-5)	Agree or disagree (run5_pilot-experiment3-batch35-70-5)	yes						https://app.prolific.co/submissions/complete?cc=85BECFE7	y	5
5_pilot	experiment3	36	70		366	10	8.54	1.1101999999999999	74.0	Agree or disagree (run5_pilot-experiment3-batch36-70-5)	Agree or disagree (run5_pilot-experiment3-batch36-70-5)	yes						https://app.prolific.co/submissions/complete?cc=36684C75	y	5
5_pilot	experiment3	37	70		360	10	8.4	1.0919999999999999	72.67	Agree or disagree (run5_pilot-experiment3-batch37-70-5)	Agree or disagree (run5_pilot-experiment3-batch37-70-5)	yes						https://app.prolific.co/submissions/complete?cc=54F63D0F	y	5
5_pilot	experiment3	38	70		360	10	8.4	1.0919999999999999	72.67	Agree or disagree (run5_pilot-experiment3-batch38-70-5)	Agree or disagree (run5_pilot-experiment3-batch38-70-5)	yes						https://app.prolific.co/submissions/complete?cc=4521F871	y	5
5_pilot	experiment3	39	70		364	10	8.493333333333332	1.1041333333333332	73.34	Agree or disagree (run5_pilot-experiment3-batch39-70-5)	Agree or disagree (run5_pilot-experiment3-batch39-70-5)	yes						https://app.prolific.co/submissions/complete?cc=3DEDBFFA	y	5
5_pilot	experiment3	40	70		366	10	8.54	1.1101999999999999	74.0	Agree or disagree (run5_pilot-experiment3-batch40-70-5)	Agree or disagree (run5_pilot-experiment3-batch40-70-5)	yes						https://app.prolific.co/submissions/complete?cc=1ECAAB7B	y	5
5_pilot	experiment3	41	70		366	10	8.54	1.1101999999999999	74.0	Agree or disagree (run5_pilot-experiment3-batch41-70-5)	Agree or disagree (run5_pilot-experiment3-batch41-70-5)	yes						https://app.prolific.co/submissions/complete?cc=663F419C	y	5
5_pilot	experiment3	42	70		362	10	8.446666666666667	1.0980666666666667	73.34	Agree or disagree (run5_pilot-experiment3-batch42-70-5)	Agree or disagree (run5_pilot-experiment3-batch42-70-5)	yes						https://app.prolific.co/submissions/complete?cc=7A05849A	y	5
5_pilot	experiment3	43	70		360	10	8.4	1.0919999999999999	73.34	Agree or disagree (run5_pilot-experiment3-batch43-70-5)	Agree or disagree (run5_pilot-experiment3-batch43-70-5)	yes						https://app.prolific.co/submissions/complete?cc=49EDEEC7	y	5
5_pilot	experiment3	44	70		366	10	8.54	1.1101999999999999	74.0	Agree or disagree (run5_pilot-experiment3-batch44-70-5)	Agree or disagree (run5_pilot-experiment3-batch44-70-5)	yes						https://app.prolific.co/submissions/complete?cc=18D9F1B6	y	5
5_pilot	experiment3	45	60		124	10	7.233333333333333	0.9403333333333332	25.07	Agree or disagree (run5_pilot-experiment3-batch45-60-2)	Agree or disagree (run5_pilot-experiment3-batch45-60-2)	yes						https://app.prolific.co/submissions/complete?cc=13D8AE6E	y	2
5_scalar_heat-set_extension_full_range	experiment_scalar	1	70		218	10	8.477777777777778	1.102111111111111	44.0	Agree or disagree (run5_scalar_heat-set_extension_full_range-experiment_scalar-batch1-70-3)	Agree or disagree (run5_scalar_heat-set_extension_full_range-experiment_scalar-batch1-70-3)	yes						https://app.prolific.co/submissions/complete?cc=135DD3C8	y	3
5_scalar_heat-set_extension_full_range	experiment_scalar	2	70		218	10	8.477777777777778	1.102111111111111	44.0	Agree or disagree (run5_scalar_heat-set_extension_full_range-experiment_scalar-batch2-70-3)	Agree or disagree (run5_scalar_heat-set_extension_full_range-experiment_scalar-batch2-70-3)	yes						https://app.prolific.co/submissions/complete?cc=5455F37E	y	3
5_scalar_heat-set_extension_full_range	experiment_scalar	3	70		222	10	8.633333333333333	1.1223333333333332	44.8	Agree or disagree (run5_scalar_heat-set_extension_full_range-experiment_scalar-batch3-70-3)	Agree or disagree (run5_scalar_heat-set_extension_full_range-experiment_scalar-batch3-70-3)	yes						https://app.prolific.co/submissions/complete?cc=8284F286	y	3
5_scalar_heat-set_extension_full_range	experiment_scalar	4	70		224	10	8.711111111111112	1.1324444444444444	45.2	Agree or disagree (run5_scalar_heat-set_extension_full_range-experiment_scalar-batch4-70-3)	Agree or disagree (run5_scalar_heat-set_extension_full_range-experiment_scalar-batch4-70-3)	yes						https://app.prolific.co/submissions/complete?cc=8283A1E4	y	3
5_scalar_heat-set_extension_full_range	experiment_scalar	5	70		220	10	8.555555555555554	1.112222222222222	44.4	Agree or disagree (run5_scalar_heat-set_extension_full_range-experiment_scalar-batch5-70-3)	Agree or disagree (run5_scalar_heat-set_extension_full_range-experiment_scalar-batch5-70-3)	yes						https://app.prolific.co/submissions/complete?cc=79D8BAA7	y	3
5_scalar_heat-set_extension_full_range	experiment_scalar	6	70		220	10	8.555555555555554	1.112222222222222	44.4	Agree or disagree (run5_scalar_heat-set_extension_full_range-experiment_scalar-batch6-70-3)	Agree or disagree (run5_scalar_heat-set_extension_full_range-experiment_scalar-batch6-70-3)	yes						https://app.prolific.co/submissions/complete?cc=4E973D62	y	3
5_scalar_heat-set_extension_full_range	experiment_scalar	7	70		256	10	7.466666666666667	0.9706666666666666	51.74	Agree or disagree (run5_scalar_heat-set_extension_full_range-experiment_scalar-batch7-70-4)	Agree or disagree (run5_scalar_heat-set_extension_full_range-experiment_scalar-batch7-70-4)	yes						https://app.prolific.co/submissions/complete?cc=844771CC	y	4
